id,request_id,created_at,risk_score,risk_level,risk_anomaly_score,risk_recent_incidents,risk_policy_overrides_count,conf_score,conf_classification,conf_tags_count,conf_patterns_count,src_ip_private,src_geo,src_mfa_status_norm,src_device_type,src_security_status,dst_service_type,dst_security_policy,dst_tls13_allowed,dst_protocols_count,headers_count,hour_of_day,day_of_week,month,combined_score,security_level_label,encryption_script_label,processing_priority_label
422,req_1759261358843_9fb8172c,2025-09-30 19:42:38.854127+00:00,0.55,medium,0.0,0,1,0.3,public,0,0,False,Unknown,unknown,unknown,unknown,database,high,True,1,0,19.0,2.0,9.0,0.45,critical,mtls_aes256_gcm_x25519,high_priority
421,req_1759261303054_8fc28845,2025-09-30 19:41:43.072086+00:00,0.55,medium,0.0,0,1,0.3,public,0,0,False,Unknown,unknown,unknown,unknown,database,high,True,1,0,19.0,2.0,9.0,0.45,critical,mtls_aes256_gcm_x25519,high_priority
420,req_1759261121783_1719fb73,2025-09-30 19:38:41.796731+00:00,0.55,medium,0.0,0,1,0.3,public,0,0,False,Unknown,unknown,unknown,unknown,database,high,True,1,0,19.0,2.0,9.0,0.45,critical,mtls_aes256_gcm_x25519,high_priority
419,req_1759259769703_b78fb9d1,2025-09-30 19:16:09.712819+00:00,0.55,medium,0.0,0,1,0.3,public,0,0,False,Unknown,unknown,unknown,unknown,database,high,True,1,0,19.0,2.0,9.0,0.45,critical,mtls_aes256_gcm_x25519,high_priority
418,req_1759259710246_819151df,2025-09-30 19:15:10.296239+00:00,0.55,medium,0.0,0,1,0.3,public,0,0,False,Unknown,unknown,unknown,unknown,database,high,True,1,0,19.0,2.0,9.0,0.45,critical,mtls_aes256_gcm_x25519,high_priority
417,req_1759259710213_6e505c32,2025-09-30 19:15:10.224081+00:00,0.55,medium,0.0,0,1,0.3,public,0,0,False,Unknown,unknown,unknown,unknown,database,high,True,1,0,19.0,2.0,9.0,0.45,critical,mtls_aes256_gcm_x25519,high_priority
416,req_1759259673256_9e2eff6c,2025-09-30 19:14:33.271260+00:00,0.55,medium,0.0,0,1,0.3,public,0,0,False,Unknown,unknown,unknown,unknown,database,high,True,1,0,19.0,2.0,9.0,0.45,critical,mtls_aes256_gcm_x25519,high_priority
415,req_1759259024716_2acd6619,2025-09-30 19:03:44.727167+00:00,0.55,medium,0.0,0,1,0.3,public,0,0,False,Unknown,unknown,unknown,unknown,database,high,True,1,0,19.0,2.0,9.0,0.45,critical,mtls_aes256_gcm_x25519,high_priority
414,req_1759258971166_57cd1914,2025-09-30 19:02:51.182147+00:00,0.55,medium,0.0,0,1,0.3,public,0,0,False,Unknown,unknown,unknown,unknown,database,high,True,1,0,19.0,2.0,9.0,0.45,critical,mtls_aes256_gcm_x25519,high_priority
413,req_1759258971139_c368a560,2025-09-30 19:02:51.150297+00:00,0.55,medium,0.0,0,1,0.3,public,0,0,False,Unknown,unknown,unknown,unknown,database,high,True,1,0,19.0,2.0,9.0,0.45,critical,mtls_aes256_gcm_x25519,high_priority
412,req_1759258931040_cc0e90f3,2025-09-30 19:02:11.114951+00:00,0.55,medium,0.0,0,1,0.3,public,0,0,False,Unknown,unknown,unknown,unknown,database,high,True,1,0,19.0,2.0,9.0,0.45,critical,mtls_aes256_gcm_x25519,high_priority
411,req_1759258930750_e4ed67ac,2025-09-30 19:02:10.930419+00:00,0.55,medium,0.0,0,1,0.3,public,0,0,False,Unknown,unknown,unknown,unknown,database,high,True,1,0,19.0,2.0,9.0,0.45,critical,mtls_aes256_gcm_x25519,high_priority
410,req_1759074667019_c2bb4356,2025-09-28 15:51:07.032914+00:00,0.55,medium,0.0,0,1,0.3,public,0,0,False,Unknown,unknown,unknown,unknown,database,high,True,1,0,15.0,0.0,9.0,0.45,critical,mtls_aes256_gcm_x25519,high_priority
409,req_1759073581381_4b75f04f,2025-09-28 15:33:01.392934+00:00,0.55,medium,0.0,0,1,0.3,public,0,0,False,Unknown,unknown,unknown,unknown,database,high,True,1,0,15.0,0.0,9.0,0.45,critical,mtls_aes256_gcm_x25519,high_priority
408,req_1759073556771_578d23b6,2025-09-28 15:32:36.784277+00:00,0.55,medium,0.0,0,1,0.3,public,0,0,False,Unknown,unknown,unknown,unknown,database,high,True,1,0,15.0,0.0,9.0,0.45,critical,mtls_aes256_gcm_x25519,high_priority
407,req_1759073404140_582349c0,2025-09-28 15:30:04.160144+00:00,0.55,medium,0.0,0,1,0.3,public,0,0,False,Unknown,unknown,unknown,unknown,database,high,True,1,0,15.0,0.0,9.0,0.45,critical,mtls_aes256_gcm_x25519,high_priority
406,req_1759073205092_e57fa007,2025-09-28 15:26:45.103656+00:00,0.55,medium,0.0,0,1,0.3,public,0,0,False,Unknown,unknown,unknown,unknown,database,high,True,1,0,15.0,0.0,9.0,0.45,critical,mtls_aes256_gcm_x25519,high_priority
405,req_1759073110725_642b0148,2025-09-28 15:25:10.743821+00:00,0.55,medium,0.0,0,1,0.3,public,0,0,False,Unknown,unknown,unknown,unknown,database,high,True,1,0,15.0,0.0,9.0,0.45,critical,mtls_aes256_gcm_x25519,high_priority
404,req_1759072897634_c27114b4,2025-09-28 15:21:37.702149+00:00,0.55,medium,0.0,0,1,0.3,public,0,0,False,Unknown,unknown,unknown,unknown,database,high,True,1,0,15.0,0.0,9.0,0.45,critical,mtls_aes256_gcm_x25519,high_priority
403,req_1759072358916_62716eb6,2025-09-28 15:12:38.921353+00:00,0.3,low,0.1,0,0,0.4,internal,0,0,False,Unknown,unknown,unknown,unknown,database,high,True,1,0,15.0,0.0,9.0,0.34,critical,mtls_aes256_gcm_x25519,high_priority
402,req_1759072358884_552f9389,2025-09-28 15:12:38.890461+00:00,0.3,low,0.1,0,0,0.4,internal,0,0,False,Unknown,unknown,unknown,unknown,database,high,True,1,0,15.0,0.0,9.0,0.34,critical,mtls_aes256_gcm_x25519,high_priority
401,req_1759072346814_adad3960,2025-09-28 15:12:26.942064+00:00,0.3,low,0.1,0,0,0.4,internal,0,0,False,Unknown,unknown,unknown,unknown,database,high,True,1,0,15.0,0.0,9.0,0.34,critical,mtls_aes256_gcm_x25519,high_priority
400,req_1758479330761_437b3bc0,2025-09-21 18:28:50.797413+00:00,0.55,medium,0.0,0,1,0.3,public,0,0,False,Unknown,unknown,unknown,unknown,database,high,True,1,0,18.0,0.0,9.0,0.45,critical,mtls_aes256_gcm_x25519,high_priority
399,req_1758479330742_e2dc35e0,2025-09-21 18:28:50.784140+00:00,0.55,medium,0.0,0,1,0.3,public,0,0,False,Unknown,unknown,unknown,unknown,database,high,True,1,0,18.0,0.0,9.0,0.45,critical,mtls_aes256_gcm_x25519,high_priority
398,req_1758479330710_01f915cd,2025-09-21 18:28:50.768005+00:00,0.55,medium,0.0,0,1,0.3,public,0,0,False,Unknown,unknown,unknown,unknown,database,high,True,1,0,18.0,0.0,9.0,0.45,critical,mtls_aes256_gcm_x25519,high_priority
397,req_1758479330705_09cf7daf,2025-09-21 18:28:50.762868+00:00,0.55,medium,0.0,0,1,0.3,public,0,0,False,Unknown,unknown,unknown,unknown,database,high,True,1,0,18.0,0.0,9.0,0.45,critical,mtls_aes256_gcm_x25519,high_priority
396,req_1758479330715_03390912,2025-09-21 18:28:50.754545+00:00,0.55,medium,0.0,0,1,0.3,public,0,0,False,Unknown,unknown,unknown,unknown,database,high,True,1,0,18.0,0.0,9.0,0.45,critical,mtls_aes256_gcm_x25519,high_priority
395,req_1758479330719_a12e2d1e,2025-09-21 18:28:50.746917+00:00,0.55,medium,0.0,0,1,0.3,public,0,0,False,Unknown,unknown,unknown,unknown,database,high,True,1,0,18.0,0.0,9.0,0.45,critical,mtls_aes256_gcm_x25519,high_priority
394,req_1758479330692_da16e82e,2025-09-21 18:28:50.725584+00:00,0.55,medium,0.0,0,1,0.3,public,0,0,False,Unknown,unknown,unknown,unknown,database,high,True,1,0,18.0,0.0,9.0,0.45,critical,mtls_aes256_gcm_x25519,high_priority
393,req_1758479330632_4c1de2a5,2025-09-21 18:28:50.698739+00:00,0.55,medium,0.0,0,1,0.3,public,0,0,False,Unknown,unknown,unknown,unknown,database,high,True,1,0,18.0,0.0,9.0,0.45,critical,mtls_aes256_gcm_x25519,high_priority
392,req_1758479330641_c4647b0b,2025-09-21 18:28:50.695852+00:00,0.55,medium,0.0,0,1,0.3,public,0,0,False,Unknown,unknown,unknown,unknown,database,high,True,1,0,18.0,0.0,9.0,0.45,critical,mtls_aes256_gcm_x25519,high_priority
390,req_1758479330629_f77efff5,2025-09-21 18:28:50.688143+00:00,0.55,medium,0.0,0,1,0.3,public,0,0,False,Unknown,unknown,unknown,unknown,database,high,True,1,0,18.0,0.0,9.0,0.45,critical,mtls_aes256_gcm_x25519,high_priority
391,req_1758479330629_43cc4794,2025-09-21 18:28:50.687638+00:00,0.55,medium,0.0,0,1,0.3,public,0,0,False,Unknown,unknown,unknown,unknown,database,high,True,1,0,18.0,0.0,9.0,0.45,critical,mtls_aes256_gcm_x25519,high_priority
389,req_1758479330610_746c7ddf,2025-09-21 18:28:50.677238+00:00,0.55,medium,0.0,0,1,0.3,public,0,0,False,Unknown,unknown,unknown,unknown,database,high,True,1,0,18.0,0.0,9.0,0.45,critical,mtls_aes256_gcm_x25519,high_priority
388,req_1758479330607_e67b4c37,2025-09-21 18:28:50.661287+00:00,0.55,medium,0.0,0,1,0.3,public,0,0,False,Unknown,unknown,unknown,unknown,database,high,True,1,0,18.0,0.0,9.0,0.45,critical,mtls_aes256_gcm_x25519,high_priority
387,req_1758479330593_fd4f86aa,2025-09-21 18:28:50.654059+00:00,0.55,medium,0.0,0,1,0.3,public,0,0,False,Unknown,unknown,unknown,unknown,database,high,True,1,0,18.0,0.0,9.0,0.45,critical,mtls_aes256_gcm_x25519,high_priority
386,req_1758479330582_3b2a83b8,2025-09-21 18:28:50.645256+00:00,0.55,medium,0.0,0,1,0.3,public,0,0,False,Unknown,unknown,unknown,unknown,database,high,True,1,0,18.0,0.0,9.0,0.45,critical,mtls_aes256_gcm_x25519,high_priority
385,req_1758479330562_c899ac26,2025-09-21 18:28:50.638159+00:00,0.55,medium,0.0,0,1,0.3,public,0,0,False,Unknown,unknown,unknown,unknown,database,high,True,1,0,18.0,0.0,9.0,0.45,critical,mtls_aes256_gcm_x25519,high_priority
384,req_1758479330557_00b05098,2025-09-21 18:28:50.623820+00:00,0.55,medium,0.0,0,1,0.3,public,0,0,False,Unknown,unknown,unknown,unknown,database,high,True,1,0,18.0,0.0,9.0,0.45,critical,mtls_aes256_gcm_x25519,high_priority
383,req_1758479330569_efe7c32b,2025-09-21 18:28:50.616383+00:00,0.55,medium,0.0,0,1,0.3,public,0,0,False,Unknown,unknown,unknown,unknown,database,high,True,1,0,18.0,0.0,9.0,0.45,critical,mtls_aes256_gcm_x25519,high_priority
382,req_1758479330542_2abf2ef3,2025-09-21 18:28:50.606592+00:00,0.55,medium,0.0,0,1,0.3,public,0,0,False,Unknown,unknown,unknown,unknown,database,high,True,1,0,18.0,0.0,9.0,0.45,critical,mtls_aes256_gcm_x25519,high_priority
381,req_1758479330522_743d80b0,2025-09-21 18:28:50.603033+00:00,0.55,medium,0.0,0,1,0.3,public,0,0,False,Unknown,unknown,unknown,unknown,database,high,True,1,0,18.0,0.0,9.0,0.45,critical,mtls_aes256_gcm_x25519,high_priority
380,req_1758479330513_3dc7f50c,2025-09-21 18:28:50.598292+00:00,0.55,medium,0.0,0,1,0.3,public,0,0,False,Unknown,unknown,unknown,unknown,database,high,True,1,0,18.0,0.0,9.0,0.45,critical,mtls_aes256_gcm_x25519,high_priority
379,req_1758479330530_db1975e8,2025-09-21 18:28:50.589579+00:00,0.55,medium,0.0,0,1,0.3,public,0,0,False,Unknown,unknown,unknown,unknown,database,high,True,1,0,18.0,0.0,9.0,0.45,critical,mtls_aes256_gcm_x25519,high_priority
378,req_1758479330519_e26cc6bd,2025-09-21 18:28:50.587571+00:00,0.55,medium,0.0,0,1,0.3,public,0,0,False,Unknown,unknown,unknown,unknown,database,high,True,1,0,18.0,0.0,9.0,0.45,critical,mtls_aes256_gcm_x25519,high_priority
377,req_1758479330515_3b1932df,2025-09-21 18:28:50.574257+00:00,0.55,medium,0.0,0,1,0.3,public,0,0,False,Unknown,unknown,unknown,unknown,database,high,True,1,0,18.0,0.0,9.0,0.45,critical,mtls_aes256_gcm_x25519,high_priority
376,req_1758479330510_15d5d795,2025-09-21 18:28:50.566954+00:00,0.55,medium,0.0,0,1,0.3,public,0,0,False,Unknown,unknown,unknown,unknown,database,high,True,1,0,18.0,0.0,9.0,0.45,critical,mtls_aes256_gcm_x25519,high_priority
375,req_1758479330428_2c9588be,2025-09-21 18:28:50.556042+00:00,0.55,medium,0.0,0,1,0.3,public,0,0,False,Unknown,unknown,unknown,unknown,database,high,True,1,0,18.0,0.0,9.0,0.45,critical,mtls_aes256_gcm_x25519,high_priority
374,req_1758479330454_c7624de4,2025-09-21 18:28:50.550629+00:00,0.55,medium,0.0,0,1,0.3,public,0,0,False,Unknown,unknown,unknown,unknown,database,high,True,1,0,18.0,0.0,9.0,0.45,critical,mtls_aes256_gcm_x25519,high_priority
373,req_1758479330428_4afe0a05,2025-09-21 18:28:50.544528+00:00,0.55,medium,0.0,0,1,0.3,public,0,0,False,Unknown,unknown,unknown,unknown,database,high,True,1,0,18.0,0.0,9.0,0.45,critical,mtls_aes256_gcm_x25519,high_priority
372,req_1758479330454_91a71be1,2025-09-21 18:28:50.540107+00:00,0.55,medium,0.0,0,1,0.3,public,0,0,False,Unknown,unknown,unknown,unknown,database,high,True,1,0,18.0,0.0,9.0,0.45,critical,mtls_aes256_gcm_x25519,high_priority
371,req_1758479330450_3b915509,2025-09-21 18:28:50.521787+00:00,0.55,medium,0.0,0,1,0.3,public,0,0,False,Unknown,unknown,unknown,unknown,database,high,True,1,0,18.0,0.0,9.0,0.45,critical,mtls_aes256_gcm_x25519,high_priority
370,req_1758479330419_3f1e4a3d,2025-09-21 18:28:50.500709+00:00,0.55,medium,0.0,0,1,0.3,public,0,0,False,Unknown,unknown,unknown,unknown,database,high,True,1,0,18.0,0.0,9.0,0.45,critical,mtls_aes256_gcm_x25519,high_priority
369,req_1758479330423_49646f65,2025-09-21 18:28:50.497600+00:00,0.55,medium,0.0,0,1,0.3,public,0,0,False,Unknown,unknown,unknown,unknown,database,high,True,1,0,18.0,0.0,9.0,0.45,critical,mtls_aes256_gcm_x25519,high_priority
368,req_1758479330387_ea4dff94,2025-09-21 18:28:50.476813+00:00,0.55,medium,0.0,0,1,0.3,public,0,0,False,Unknown,unknown,unknown,unknown,database,high,True,1,0,18.0,0.0,9.0,0.45,critical,mtls_aes256_gcm_x25519,high_priority
367,req_1758479330423_93f617fc,2025-09-21 18:28:50.468466+00:00,0.55,medium,0.0,0,1,0.3,public,0,0,False,Unknown,unknown,unknown,unknown,database,high,True,1,0,18.0,0.0,9.0,0.45,critical,mtls_aes256_gcm_x25519,high_priority
365,req_1758479330374_e5fd0bc9,2025-09-21 18:28:50.446517+00:00,0.55,medium,0.0,0,1,0.3,public,0,0,False,Unknown,unknown,unknown,unknown,database,high,True,1,0,18.0,0.0,9.0,0.45,critical,mtls_aes256_gcm_x25519,high_priority
366,req_1758479330375_6d027e6b,2025-09-21 18:28:50.446517+00:00,0.55,medium,0.0,0,1,0.3,public,0,0,False,Unknown,unknown,unknown,unknown,database,high,True,1,0,18.0,0.0,9.0,0.45,critical,mtls_aes256_gcm_x25519,high_priority
364,req_1758479330374_6db64462,2025-09-21 18:28:50.433402+00:00,0.55,medium,0.0,0,1,0.3,public,0,0,False,Unknown,unknown,unknown,unknown,database,high,True,1,0,18.0,0.0,9.0,0.45,critical,mtls_aes256_gcm_x25519,high_priority
363,req_1758479330376_ad108cda,2025-09-21 18:28:50.414271+00:00,0.55,medium,0.0,0,1,0.3,public,0,0,False,Unknown,unknown,unknown,unknown,database,high,True,1,0,18.0,0.0,9.0,0.45,critical,mtls_aes256_gcm_x25519,high_priority
362,req_1758479330328_6a61487c,2025-09-21 18:28:50.414271+00:00,0.55,medium,0.0,0,1,0.3,public,0,0,False,Unknown,unknown,unknown,unknown,database,high,True,1,0,18.0,0.0,9.0,0.45,critical,mtls_aes256_gcm_x25519,high_priority
361,req_1758479330353_7b96090f,2025-09-21 18:28:50.409753+00:00,0.55,medium,0.0,0,1,0.3,public,0,0,False,Unknown,unknown,unknown,unknown,database,high,True,1,0,18.0,0.0,9.0,0.45,critical,mtls_aes256_gcm_x25519,high_priority
360,req_1758479330353_5ca8be86,2025-09-21 18:28:50.393733+00:00,0.55,medium,0.0,0,1,0.3,public,0,0,False,Unknown,unknown,unknown,unknown,database,high,True,1,0,18.0,0.0,9.0,0.45,critical,mtls_aes256_gcm_x25519,high_priority
359,req_1758479330323_2a16fb9e,2025-09-21 18:28:50.386609+00:00,0.55,medium,0.0,0,1,0.3,public,0,0,False,Unknown,unknown,unknown,unknown,database,high,True,1,0,18.0,0.0,9.0,0.45,critical,mtls_aes256_gcm_x25519,high_priority
358,req_1758479330310_9c39033a,2025-09-21 18:28:50.378045+00:00,0.55,medium,0.0,0,1,0.3,public,0,0,False,Unknown,unknown,unknown,unknown,database,high,True,1,0,18.0,0.0,9.0,0.45,critical,mtls_aes256_gcm_x25519,high_priority
357,req_1758479330319_6e2a68a9,2025-09-21 18:28:50.369778+00:00,0.55,medium,0.0,0,1,0.3,public,0,0,False,Unknown,unknown,unknown,unknown,database,high,True,1,0,18.0,0.0,9.0,0.45,critical,mtls_aes256_gcm_x25519,high_priority
356,req_1758479330313_1c4fc5db,2025-09-21 18:28:50.356981+00:00,0.55,medium,0.0,0,1,0.3,public,0,0,False,Unknown,unknown,unknown,unknown,database,high,True,1,0,18.0,0.0,9.0,0.45,critical,mtls_aes256_gcm_x25519,high_priority
355,req_1758479330311_43fefac1,2025-09-21 18:28:50.355974+00:00,0.55,medium,0.0,0,1,0.3,public,0,0,False,Unknown,unknown,unknown,unknown,database,high,True,1,0,18.0,0.0,9.0,0.45,critical,mtls_aes256_gcm_x25519,high_priority
354,req_1758479330312_0aee51ee,2025-09-21 18:28:50.347791+00:00,0.55,medium,0.0,0,1,0.3,public,0,0,False,Unknown,unknown,unknown,unknown,database,high,True,1,0,18.0,0.0,9.0,0.45,critical,mtls_aes256_gcm_x25519,high_priority
353,req_1758479330252_ae50d1ef,2025-09-21 18:28:50.328519+00:00,0.55,medium,0.0,0,1,0.3,public,0,0,False,Unknown,unknown,unknown,unknown,database,high,True,1,0,18.0,0.0,9.0,0.45,critical,mtls_aes256_gcm_x25519,high_priority
352,req_1758479330252_6d9144a4,2025-09-21 18:28:50.316881+00:00,0.55,medium,0.0,0,1,0.3,public,0,0,False,Unknown,unknown,unknown,unknown,database,high,True,1,0,18.0,0.0,9.0,0.45,critical,mtls_aes256_gcm_x25519,high_priority
351,req_1758479330271_4761f275,2025-09-21 18:28:50.309497+00:00,0.55,medium,0.0,0,1,0.3,public,0,0,False,Unknown,unknown,unknown,unknown,database,high,True,1,0,18.0,0.0,9.0,0.45,critical,mtls_aes256_gcm_x25519,high_priority
350,req_1758479330271_377fe6da,2025-09-21 18:28:50.298507+00:00,0.55,medium,0.0,0,1,0.3,public,0,0,False,Unknown,unknown,unknown,unknown,database,high,True,1,0,18.0,0.0,9.0,0.45,critical,mtls_aes256_gcm_x25519,high_priority
349,req_1758479330270_2f112600,2025-09-21 18:28:50.292703+00:00,0.55,medium,0.0,0,1,0.3,public,0,0,False,Unknown,unknown,unknown,unknown,database,high,True,1,0,18.0,0.0,9.0,0.45,critical,mtls_aes256_gcm_x25519,high_priority
348,req_1758479330229_faed1e9b,2025-09-21 18:28:50.277206+00:00,0.55,medium,0.0,0,1,0.3,public,0,0,False,Unknown,unknown,unknown,unknown,database,high,True,1,0,18.0,0.0,9.0,0.45,critical,mtls_aes256_gcm_x25519,high_priority
347,req_1758479330190_54542375,2025-09-21 18:28:50.264042+00:00,0.55,medium,0.0,0,1,0.3,public,0,0,False,Unknown,unknown,unknown,unknown,database,high,True,1,0,18.0,0.0,9.0,0.45,critical,mtls_aes256_gcm_x25519,high_priority
346,req_1758479330173_8be9aa55,2025-09-21 18:28:50.255922+00:00,0.55,medium,0.0,0,1,0.3,public,0,0,False,Unknown,unknown,unknown,unknown,database,high,True,1,0,18.0,0.0,9.0,0.45,critical,mtls_aes256_gcm_x25519,high_priority
345,req_1758479330180_651380a8,2025-09-21 18:28:50.227046+00:00,0.55,medium,0.0,0,1,0.3,public,0,0,False,Unknown,unknown,unknown,unknown,database,high,True,1,0,18.0,0.0,9.0,0.45,critical,mtls_aes256_gcm_x25519,high_priority
344,req_1758479330179_15710d7c,2025-09-21 18:28:50.225978+00:00,0.55,medium,0.0,0,1,0.3,public,0,0,False,Unknown,unknown,unknown,unknown,database,high,True,1,0,18.0,0.0,9.0,0.45,critical,mtls_aes256_gcm_x25519,high_priority
343,req_1758479330150_264d99b0,2025-09-21 18:28:50.220229+00:00,0.55,medium,0.0,0,1,0.3,public,0,0,False,Unknown,unknown,unknown,unknown,database,high,True,1,0,18.0,0.0,9.0,0.45,critical,mtls_aes256_gcm_x25519,high_priority
342,req_1758479330148_c91c5e53,2025-09-21 18:28:50.212739+00:00,0.55,medium,0.0,0,1,0.3,public,0,0,False,Unknown,unknown,unknown,unknown,database,high,True,1,0,18.0,0.0,9.0,0.45,critical,mtls_aes256_gcm_x25519,high_priority
341,req_1758479330140_bbc12025,2025-09-21 18:28:50.212739+00:00,0.55,medium,0.0,0,1,0.3,public,0,0,False,Unknown,unknown,unknown,unknown,database,high,True,1,0,18.0,0.0,9.0,0.45,critical,mtls_aes256_gcm_x25519,high_priority
340,req_1758479330156_93fc1c0b,2025-09-21 18:28:50.194359+00:00,0.55,medium,0.0,0,1,0.3,public,0,0,False,Unknown,unknown,unknown,unknown,database,high,True,1,0,18.0,0.0,9.0,0.45,critical,mtls_aes256_gcm_x25519,high_priority
339,req_1758479330133_cae682ea,2025-09-21 18:28:50.179222+00:00,0.55,medium,0.0,0,1,0.3,public,0,0,False,Unknown,unknown,unknown,unknown,database,high,True,1,0,18.0,0.0,9.0,0.45,critical,mtls_aes256_gcm_x25519,high_priority
338,req_1758479330115_42a8e02e,2025-09-21 18:28:50.175699+00:00,0.55,medium,0.0,0,1,0.3,public,0,0,False,Unknown,unknown,unknown,unknown,database,high,True,1,0,18.0,0.0,9.0,0.45,critical,mtls_aes256_gcm_x25519,high_priority
337,req_1758479330133_bb2beec2,2025-09-21 18:28:50.173185+00:00,0.55,medium,0.0,0,1,0.3,public,0,0,False,Unknown,unknown,unknown,unknown,database,high,True,1,0,18.0,0.0,9.0,0.45,critical,mtls_aes256_gcm_x25519,high_priority
336,req_1758479330101_a931d9b1,2025-09-21 18:28:50.166262+00:00,0.55,medium,0.0,0,1,0.3,public,0,0,False,Unknown,unknown,unknown,unknown,database,high,True,1,0,18.0,0.0,9.0,0.45,critical,mtls_aes256_gcm_x25519,high_priority
335,req_1758479330128_d2000cbd,2025-09-21 18:28:50.159430+00:00,0.55,medium,0.0,0,1,0.3,public,0,0,False,Unknown,unknown,unknown,unknown,database,high,True,1,0,18.0,0.0,9.0,0.45,critical,mtls_aes256_gcm_x25519,high_priority
334,req_1758479330101_68203bc4,2025-09-21 18:28:50.140512+00:00,0.55,medium,0.0,0,1,0.3,public,0,0,False,Unknown,unknown,unknown,unknown,database,high,True,1,0,18.0,0.0,9.0,0.45,critical,mtls_aes256_gcm_x25519,high_priority
333,req_1758479330105_db83ec7c,2025-09-21 18:28:50.131034+00:00,0.55,medium,0.0,0,1,0.3,public,0,0,False,Unknown,unknown,unknown,unknown,database,high,True,1,0,18.0,0.0,9.0,0.45,critical,mtls_aes256_gcm_x25519,high_priority
332,req_1758479330096_269c1bf1,2025-09-21 18:28:50.128410+00:00,0.55,medium,0.0,0,1,0.3,public,0,0,False,Unknown,unknown,unknown,unknown,database,high,True,1,0,18.0,0.0,9.0,0.45,critical,mtls_aes256_gcm_x25519,high_priority
331,req_1758479330096_e81710b5,2025-09-21 18:28:50.125128+00:00,0.55,medium,0.0,0,1,0.3,public,0,0,False,Unknown,unknown,unknown,unknown,database,high,True,1,0,18.0,0.0,9.0,0.45,critical,mtls_aes256_gcm_x25519,high_priority
330,req_1758479330068_ac0b6089,2025-09-21 18:28:50.116776+00:00,0.55,medium,0.0,0,1,0.3,public,0,0,False,Unknown,unknown,unknown,unknown,database,high,True,1,0,18.0,0.0,9.0,0.45,critical,mtls_aes256_gcm_x25519,high_priority
329,req_1758479330077_5ddd9b87,2025-09-21 18:28:50.112617+00:00,0.55,medium,0.0,0,1,0.3,public,0,0,False,Unknown,unknown,unknown,unknown,database,high,True,1,0,18.0,0.0,9.0,0.45,critical,mtls_aes256_gcm_x25519,high_priority
328,req_1758479330071_73db700c,2025-09-21 18:28:50.104568+00:00,0.55,medium,0.0,0,1,0.3,public,0,0,False,Unknown,unknown,unknown,unknown,database,high,True,1,0,18.0,0.0,9.0,0.45,critical,mtls_aes256_gcm_x25519,high_priority
327,req_1758479330042_8eacfc50,2025-09-21 18:28:50.098675+00:00,0.55,medium,0.0,0,1,0.3,public,0,0,False,Unknown,unknown,unknown,unknown,database,high,True,1,0,18.0,0.0,9.0,0.45,critical,mtls_aes256_gcm_x25519,high_priority
326,req_1758479330029_fb58b9a3,2025-09-21 18:28:50.096359+00:00,0.55,medium,0.0,0,1,0.3,public,0,0,False,Unknown,unknown,unknown,unknown,database,high,True,1,0,18.0,0.0,9.0,0.45,critical,mtls_aes256_gcm_x25519,high_priority
325,req_1758479330025_93383bab,2025-09-21 18:28:50.091318+00:00,0.55,medium,0.0,0,1,0.3,public,0,0,False,Unknown,unknown,unknown,unknown,database,high,True,1,0,18.0,0.0,9.0,0.45,critical,mtls_aes256_gcm_x25519,high_priority
323,req_1758479330038_651124fe,2025-09-21 18:28:50.084370+00:00,0.55,medium,0.0,0,1,0.3,public,0,0,False,Unknown,unknown,unknown,unknown,database,high,True,1,0,18.0,0.0,9.0,0.45,critical,mtls_aes256_gcm_x25519,high_priority
324,req_1758479330040_57e2d910,2025-09-21 18:28:50.084370+00:00,0.55,medium,0.0,0,1,0.3,public,0,0,False,Unknown,unknown,unknown,unknown,database,high,True,1,0,18.0,0.0,9.0,0.45,critical,mtls_aes256_gcm_x25519,high_priority
322,req_1758479330012_22dd9a17,2025-09-21 18:28:50.075943+00:00,0.55,medium,0.0,0,1,0.3,public,0,0,False,Unknown,unknown,unknown,unknown,database,high,True,1,0,18.0,0.0,9.0,0.45,critical,mtls_aes256_gcm_x25519,high_priority
321,req_1758479330005_ff679f5b,2025-09-21 18:28:50.063010+00:00,0.55,medium,0.0,0,1,0.3,public,0,0,False,Unknown,unknown,unknown,unknown,database,high,True,1,0,18.0,0.0,9.0,0.45,critical,mtls_aes256_gcm_x25519,high_priority
319,req_1758479329978_74185777,2025-09-21 18:28:50.059503+00:00,0.55,medium,0.0,0,1,0.3,public,0,0,False,Unknown,unknown,unknown,unknown,database,high,True,1,0,18.0,0.0,9.0,0.45,critical,mtls_aes256_gcm_x25519,high_priority
320,req_1758479329980_8a5d6ea4,2025-09-21 18:28:50.057159+00:00,0.55,medium,0.0,0,1,0.3,public,0,0,False,Unknown,unknown,unknown,unknown,database,high,True,1,0,18.0,0.0,9.0,0.45,critical,mtls_aes256_gcm_x25519,high_priority
318,req_1758479329989_86e1557e,2025-09-21 18:28:50.040397+00:00,0.55,medium,0.0,0,1,0.3,public,0,0,False,Unknown,unknown,unknown,unknown,database,high,True,1,0,18.0,0.0,9.0,0.45,critical,mtls_aes256_gcm_x25519,high_priority
317,req_1758479329971_a97f9f07,2025-09-21 18:28:50.022383+00:00,0.55,medium,0.0,0,1,0.3,public,0,0,False,Unknown,unknown,unknown,unknown,database,high,True,1,0,18.0,0.0,9.0,0.45,critical,mtls_aes256_gcm_x25519,high_priority
316,req_1758479329969_c4b5cc0e,2025-09-21 18:28:50.010806+00:00,0.55,medium,0.0,0,1,0.3,public,0,0,False,Unknown,unknown,unknown,unknown,database,high,True,1,0,18.0,0.0,9.0,0.45,critical,mtls_aes256_gcm_x25519,high_priority
315,req_1758479329956_e0408adf,2025-09-21 18:28:49.996484+00:00,0.55,medium,0.0,0,1,0.3,public,0,0,False,Unknown,unknown,unknown,unknown,database,high,True,1,0,18.0,0.0,9.0,0.45,critical,mtls_aes256_gcm_x25519,high_priority
314,req_1758479329956_5bcfd217,2025-09-21 18:28:49.990022+00:00,0.55,medium,0.0,0,1,0.3,public,0,0,False,Unknown,unknown,unknown,unknown,database,high,True,1,0,18.0,0.0,9.0,0.45,critical,mtls_aes256_gcm_x25519,high_priority
313,req_1758479329956_f1d2d955,2025-09-21 18:28:49.985542+00:00,0.55,medium,0.0,0,1,0.3,public,0,0,False,Unknown,unknown,unknown,unknown,database,high,True,1,0,18.0,0.0,9.0,0.45,critical,mtls_aes256_gcm_x25519,high_priority
312,req_1758479329938_68deef1a,2025-09-21 18:28:49.972813+00:00,0.55,medium,0.0,0,1,0.3,public,0,0,False,Unknown,unknown,unknown,unknown,database,high,True,1,0,18.0,0.0,9.0,0.45,critical,mtls_aes256_gcm_x25519,high_priority
311,req_1758479329921_61ba81fc,2025-09-21 18:28:49.971838+00:00,0.55,medium,0.0,0,1,0.3,public,0,0,False,Unknown,unknown,unknown,unknown,database,high,True,1,0,18.0,0.0,9.0,0.45,critical,mtls_aes256_gcm_x25519,high_priority
310,req_1758479329934_699c8639,2025-09-21 18:28:49.963786+00:00,0.55,medium,0.0,0,1,0.3,public,0,0,False,Unknown,unknown,unknown,unknown,database,high,True,1,0,18.0,0.0,9.0,0.45,critical,mtls_aes256_gcm_x25519,high_priority
309,req_1758479329934_2e5a3478,2025-09-21 18:28:49.960865+00:00,0.55,medium,0.0,0,1,0.3,public,0,0,False,Unknown,unknown,unknown,unknown,database,high,True,1,0,18.0,0.0,9.0,0.45,critical,mtls_aes256_gcm_x25519,high_priority
308,req_1758479329908_97a2ecbe,2025-09-21 18:28:49.954687+00:00,0.55,medium,0.0,0,1,0.3,public,0,0,False,Unknown,unknown,unknown,unknown,database,high,True,1,0,18.0,0.0,9.0,0.45,critical,mtls_aes256_gcm_x25519,high_priority
307,req_1758479329908_d206466e,2025-09-21 18:28:49.948895+00:00,0.55,medium,0.0,0,1,0.3,public,0,0,False,Unknown,unknown,unknown,unknown,database,high,True,1,0,18.0,0.0,9.0,0.45,critical,mtls_aes256_gcm_x25519,high_priority
306,req_1758479329904_97ea4612,2025-09-21 18:28:49.941879+00:00,0.55,medium,0.0,0,1,0.3,public,0,0,False,Unknown,unknown,unknown,unknown,database,high,True,1,0,18.0,0.0,9.0,0.45,critical,mtls_aes256_gcm_x25519,high_priority
305,req_1758479329895_fa8e2678,2025-09-21 18:28:49.928966+00:00,0.55,medium,0.0,0,1,0.3,public,0,0,False,Unknown,unknown,unknown,unknown,database,high,True,1,0,18.0,0.0,9.0,0.45,critical,mtls_aes256_gcm_x25519,high_priority
304,req_1758479329894_ab4be4dd,2025-09-21 18:28:49.921737+00:00,0.55,medium,0.0,0,1,0.3,public,0,0,False,Unknown,unknown,unknown,unknown,database,high,True,1,0,18.0,0.0,9.0,0.45,critical,mtls_aes256_gcm_x25519,high_priority
303,req_1758479329871_e9cb2a4d,2025-09-21 18:28:49.912899+00:00,0.55,medium,0.0,0,1,0.3,public,0,0,False,Unknown,unknown,unknown,unknown,database,high,True,1,0,18.0,0.0,9.0,0.45,critical,mtls_aes256_gcm_x25519,high_priority
302,req_1758479329880_6084d3de,2025-09-21 18:28:49.910753+00:00,0.55,medium,0.0,0,1,0.3,public,0,0,False,Unknown,unknown,unknown,unknown,database,high,True,1,0,18.0,0.0,9.0,0.45,critical,mtls_aes256_gcm_x25519,high_priority
301,req_1758479329863_6a6f66f8,2025-09-21 18:28:49.906081+00:00,0.55,medium,0.0,0,1,0.3,public,0,0,False,Unknown,unknown,unknown,unknown,database,high,True,1,0,18.0,0.0,9.0,0.45,critical,mtls_aes256_gcm_x25519,high_priority
300,req_1758479329858_25b753de,2025-09-21 18:28:49.898793+00:00,0.55,medium,0.0,0,1,0.3,public,0,0,False,Unknown,unknown,unknown,unknown,database,high,True,1,0,18.0,0.0,9.0,0.45,critical,mtls_aes256_gcm_x25519,high_priority
299,req_1758479329858_debda631,2025-09-21 18:28:49.897084+00:00,0.55,medium,0.0,0,1,0.3,public,0,0,False,Unknown,unknown,unknown,unknown,database,high,True,1,0,18.0,0.0,9.0,0.45,critical,mtls_aes256_gcm_x25519,high_priority
298,req_1758479329858_e4f79729,2025-09-21 18:28:49.892472+00:00,0.55,medium,0.0,0,1,0.3,public,0,0,False,Unknown,unknown,unknown,unknown,database,high,True,1,0,18.0,0.0,9.0,0.45,critical,mtls_aes256_gcm_x25519,high_priority
297,req_1758479329858_f006d234,2025-09-21 18:28:49.885133+00:00,0.55,medium,0.0,0,1,0.3,public,0,0,False,Unknown,unknown,unknown,unknown,database,high,True,1,0,18.0,0.0,9.0,0.45,critical,mtls_aes256_gcm_x25519,high_priority
296,req_1758479329838_dc968d14,2025-09-21 18:28:49.878887+00:00,0.55,medium,0.0,0,1,0.3,public,0,0,False,Unknown,unknown,unknown,unknown,database,high,True,1,0,18.0,0.0,9.0,0.45,critical,mtls_aes256_gcm_x25519,high_priority
295,req_1758479329838_133cb573,2025-09-21 18:28:49.870864+00:00,0.55,medium,0.0,0,1,0.3,public,0,0,False,Unknown,unknown,unknown,unknown,database,high,True,1,0,18.0,0.0,9.0,0.45,critical,mtls_aes256_gcm_x25519,high_priority
294,req_1758479329828_83d9aeda,2025-09-21 18:28:49.859496+00:00,0.55,medium,0.0,0,1,0.3,public,0,0,False,Unknown,unknown,unknown,unknown,database,high,True,1,0,18.0,0.0,9.0,0.45,critical,mtls_aes256_gcm_x25519,high_priority
293,req_1758479329829_c9709a3c,2025-09-21 18:28:49.858492+00:00,0.55,medium,0.0,0,1,0.3,public,0,0,False,Unknown,unknown,unknown,unknown,database,high,True,1,0,18.0,0.0,9.0,0.45,critical,mtls_aes256_gcm_x25519,high_priority
292,req_1758479329829_c8ae58e9,2025-09-21 18:28:49.849995+00:00,0.55,medium,0.0,0,1,0.3,public,0,0,False,Unknown,unknown,unknown,unknown,database,high,True,1,0,18.0,0.0,9.0,0.45,critical,mtls_aes256_gcm_x25519,high_priority
291,req_1758479329795_5faa0a8b,2025-09-21 18:28:49.836549+00:00,0.55,medium,0.0,0,1,0.3,public,0,0,False,Unknown,unknown,unknown,unknown,database,high,True,1,0,18.0,0.0,9.0,0.45,critical,mtls_aes256_gcm_x25519,high_priority
290,req_1758479329800_bd3d4460,2025-09-21 18:28:49.828196+00:00,0.55,medium,0.0,0,1,0.3,public,0,0,False,Unknown,unknown,unknown,unknown,database,high,True,1,0,18.0,0.0,9.0,0.45,critical,mtls_aes256_gcm_x25519,high_priority
289,req_1758479329799_19200f1f,2025-09-21 18:28:49.826823+00:00,0.55,medium,0.0,0,1,0.3,public,0,0,False,Unknown,unknown,unknown,unknown,database,high,True,1,0,18.0,0.0,9.0,0.45,critical,mtls_aes256_gcm_x25519,high_priority
288,req_1758479329797_0faac9c7,2025-09-21 18:28:49.819110+00:00,0.55,medium,0.0,0,1,0.3,public,0,0,False,Unknown,unknown,unknown,unknown,database,high,True,1,0,18.0,0.0,9.0,0.45,critical,mtls_aes256_gcm_x25519,high_priority
287,req_1758479329767_9c2573ea,2025-09-21 18:28:49.805594+00:00,0.55,medium,0.0,0,1,0.3,public,0,0,False,Unknown,unknown,unknown,unknown,database,high,True,1,0,18.0,0.0,9.0,0.45,critical,mtls_aes256_gcm_x25519,high_priority
286,req_1758479329748_c2327a0c,2025-09-21 18:28:49.792779+00:00,0.55,medium,0.0,0,1,0.3,public,0,0,False,Unknown,unknown,unknown,unknown,database,high,True,1,0,18.0,0.0,9.0,0.45,critical,mtls_aes256_gcm_x25519,high_priority
285,req_1758479329743_901f25d0,2025-09-21 18:28:49.786976+00:00,0.55,medium,0.0,0,1,0.3,public,0,0,False,Unknown,unknown,unknown,unknown,database,high,True,1,0,18.0,0.0,9.0,0.45,critical,mtls_aes256_gcm_x25519,high_priority
284,req_1758479329757_b07fd39d,2025-09-21 18:28:49.780509+00:00,0.55,medium,0.0,0,1,0.3,public,0,0,False,Unknown,unknown,unknown,unknown,database,high,True,1,0,18.0,0.0,9.0,0.45,critical,mtls_aes256_gcm_x25519,high_priority
283,req_1758479329725_ecaf594a,2025-09-21 18:28:49.774368+00:00,0.55,medium,0.0,0,1,0.3,public,0,0,False,Unknown,unknown,unknown,unknown,database,high,True,1,0,18.0,0.0,9.0,0.45,critical,mtls_aes256_gcm_x25519,high_priority
282,req_1758479329727_1d7a2141,2025-09-21 18:28:49.770760+00:00,0.55,medium,0.0,0,1,0.3,public,0,0,False,Unknown,unknown,unknown,unknown,database,high,True,1,0,18.0,0.0,9.0,0.45,critical,mtls_aes256_gcm_x25519,high_priority
281,req_1758479329718_80aeae71,2025-09-21 18:28:49.770252+00:00,0.55,medium,0.0,0,1,0.3,public,0,0,False,Unknown,unknown,unknown,unknown,database,high,True,1,0,18.0,0.0,9.0,0.45,critical,mtls_aes256_gcm_x25519,high_priority
280,req_1758479329727_a9659963,2025-09-21 18:28:49.754131+00:00,0.55,medium,0.0,0,1,0.3,public,0,0,False,Unknown,unknown,unknown,unknown,database,high,True,1,0,18.0,0.0,9.0,0.45,critical,mtls_aes256_gcm_x25519,high_priority
279,req_1758479329703_00fc8f4c,2025-09-21 18:28:49.750293+00:00,0.55,medium,0.0,0,1,0.3,public,0,0,False,Unknown,unknown,unknown,unknown,database,high,True,1,0,18.0,0.0,9.0,0.45,critical,mtls_aes256_gcm_x25519,high_priority
278,req_1758479329625_5655295e,2025-09-21 18:28:49.737545+00:00,0.55,medium,0.0,0,1,0.3,public,0,0,False,Unknown,unknown,unknown,unknown,database,high,True,1,0,18.0,0.0,9.0,0.45,critical,mtls_aes256_gcm_x25519,high_priority
277,req_1758479329685_6172e927,2025-09-21 18:28:49.732247+00:00,0.55,medium,0.0,0,1,0.3,public,0,0,False,Unknown,unknown,unknown,unknown,database,high,True,1,0,18.0,0.0,9.0,0.45,critical,mtls_aes256_gcm_x25519,high_priority
276,req_1758479329612_bca5fbc5,2025-09-21 18:28:49.727393+00:00,0.55,medium,0.0,0,1,0.3,public,0,0,False,Unknown,unknown,unknown,unknown,database,high,True,1,0,18.0,0.0,9.0,0.45,critical,mtls_aes256_gcm_x25519,high_priority
275,req_1758479329664_b58f68e1,2025-09-21 18:28:49.718876+00:00,0.55,medium,0.0,0,1,0.3,public,0,0,False,Unknown,unknown,unknown,unknown,database,high,True,1,0,18.0,0.0,9.0,0.45,critical,mtls_aes256_gcm_x25519,high_priority
274,req_1758479329657_fd9c94ff,2025-09-21 18:28:49.698440+00:00,0.55,medium,0.0,0,1,0.3,public,0,0,False,Unknown,unknown,unknown,unknown,database,high,True,1,0,18.0,0.0,9.0,0.45,critical,mtls_aes256_gcm_x25519,high_priority
273,req_1758479329647_729f5e42,2025-09-21 18:28:49.693442+00:00,0.55,medium,0.0,0,1,0.3,public,0,0,False,Unknown,unknown,unknown,unknown,database,high,True,1,0,18.0,0.0,9.0,0.45,critical,mtls_aes256_gcm_x25519,high_priority
272,req_1758479329644_8f913c35,2025-09-21 18:28:49.688862+00:00,0.55,medium,0.0,0,1,0.3,public,0,0,False,Unknown,unknown,unknown,unknown,database,high,True,1,0,18.0,0.0,9.0,0.45,critical,mtls_aes256_gcm_x25519,high_priority
271,req_1758479329609_d0f7616d,2025-09-21 18:28:49.680427+00:00,0.55,medium,0.0,0,1,0.3,public,0,0,False,Unknown,unknown,unknown,unknown,database,high,True,1,0,18.0,0.0,9.0,0.45,critical,mtls_aes256_gcm_x25519,high_priority
270,req_1758479329568_3ca8dc99,2025-09-21 18:28:49.676580+00:00,0.55,medium,0.0,0,1,0.3,public,0,0,False,Unknown,unknown,unknown,unknown,database,high,True,1,0,18.0,0.0,9.0,0.45,critical,mtls_aes256_gcm_x25519,high_priority
269,req_1758479329610_2cc2a25f,2025-09-21 18:28:49.666523+00:00,0.55,medium,0.0,0,1,0.3,public,0,0,False,Unknown,unknown,unknown,unknown,database,high,True,1,0,18.0,0.0,9.0,0.45,critical,mtls_aes256_gcm_x25519,high_priority
268,req_1758479329584_3a8057ba,2025-09-21 18:28:49.655506+00:00,0.55,medium,0.0,0,1,0.3,public,0,0,False,Unknown,unknown,unknown,unknown,database,high,True,1,0,18.0,0.0,9.0,0.45,critical,mtls_aes256_gcm_x25519,high_priority
267,req_1758479329563_3b75f483,2025-09-21 18:28:49.644011+00:00,0.55,medium,0.0,0,1,0.3,public,0,0,False,Unknown,unknown,unknown,unknown,database,high,True,1,0,18.0,0.0,9.0,0.45,critical,mtls_aes256_gcm_x25519,high_priority
265,req_1758479329552_0c74a4f5,2025-09-21 18:28:49.634737+00:00,0.55,medium,0.0,0,1,0.3,public,0,0,False,Unknown,unknown,unknown,unknown,database,high,True,1,0,18.0,0.0,9.0,0.45,critical,mtls_aes256_gcm_x25519,high_priority
266,req_1758479329498_1faf3b39,2025-09-21 18:28:49.633730+00:00,0.55,medium,0.0,0,1,0.3,public,0,0,False,Unknown,unknown,unknown,unknown,database,high,True,1,0,18.0,0.0,9.0,0.45,critical,mtls_aes256_gcm_x25519,high_priority
264,req_1758479329545_7843d281,2025-09-21 18:28:49.623657+00:00,0.55,medium,0.0,0,1,0.3,public,0,0,False,Unknown,unknown,unknown,unknown,database,high,True,1,0,18.0,0.0,9.0,0.45,critical,mtls_aes256_gcm_x25519,high_priority
263,req_1758479329502_3bed7fab,2025-09-21 18:28:49.616319+00:00,0.55,medium,0.0,0,1,0.3,public,0,0,False,Unknown,unknown,unknown,unknown,database,high,True,1,0,18.0,0.0,9.0,0.45,critical,mtls_aes256_gcm_x25519,high_priority
262,req_1758479329498_5d65c559,2025-09-21 18:28:49.607490+00:00,0.55,medium,0.0,0,1,0.3,public,0,0,False,Unknown,unknown,unknown,unknown,database,high,True,1,0,18.0,0.0,9.0,0.45,critical,mtls_aes256_gcm_x25519,high_priority
261,req_1758479329545_e2bfc2cd,2025-09-21 18:28:49.604892+00:00,0.55,medium,0.0,0,1,0.3,public,0,0,False,Unknown,unknown,unknown,unknown,database,high,True,1,0,18.0,0.0,9.0,0.45,critical,mtls_aes256_gcm_x25519,high_priority
260,req_1758479329429_31f4b7cb,2025-09-21 18:28:49.601680+00:00,0.55,medium,0.0,0,1,0.3,public,0,0,False,Unknown,unknown,unknown,unknown,database,high,True,1,0,18.0,0.0,9.0,0.45,critical,mtls_aes256_gcm_x25519,high_priority
259,req_1758479329521_ac30b42e,2025-09-21 18:28:49.593483+00:00,0.55,medium,0.0,0,1,0.3,public,0,0,False,Unknown,unknown,unknown,unknown,database,high,True,1,0,18.0,0.0,9.0,0.45,critical,mtls_aes256_gcm_x25519,high_priority
258,req_1758479329496_978fbbb9,2025-09-21 18:28:49.589849+00:00,0.55,medium,0.0,0,1,0.3,public,0,0,False,Unknown,unknown,unknown,unknown,database,high,True,1,0,18.0,0.0,9.0,0.45,critical,mtls_aes256_gcm_x25519,high_priority
257,req_1758479329408_b7248185,2025-09-21 18:28:49.576756+00:00,0.55,medium,0.0,0,1,0.3,public,0,0,False,Unknown,unknown,unknown,unknown,database,high,True,1,0,18.0,0.0,9.0,0.45,critical,mtls_aes256_gcm_x25519,high_priority
256,req_1758479329497_a2e843f5,2025-09-21 18:28:49.559552+00:00,0.55,medium,0.0,0,1,0.3,public,0,0,False,Unknown,unknown,unknown,unknown,database,high,True,1,0,18.0,0.0,9.0,0.45,critical,mtls_aes256_gcm_x25519,high_priority
255,req_1758479329494_31b96812,2025-09-21 18:28:49.544325+00:00,0.55,medium,0.0,0,1,0.3,public,0,0,False,Unknown,unknown,unknown,unknown,database,high,True,1,0,18.0,0.0,9.0,0.45,critical,mtls_aes256_gcm_x25519,high_priority
254,req_1758479329484_4cba3c41,2025-09-21 18:28:49.537843+00:00,0.55,medium,0.0,0,1,0.3,public,0,0,False,Unknown,unknown,unknown,unknown,database,high,True,1,0,18.0,0.0,9.0,0.45,critical,mtls_aes256_gcm_x25519,high_priority
253,req_1758479329390_84f18b66,2025-09-21 18:28:49.530799+00:00,0.55,medium,0.0,0,1,0.3,public,0,0,False,Unknown,unknown,unknown,unknown,database,high,True,1,0,18.0,0.0,9.0,0.45,critical,mtls_aes256_gcm_x25519,high_priority
252,req_1758479329426_96966b56,2025-09-21 18:28:49.526318+00:00,0.55,medium,0.0,0,1,0.3,public,0,0,False,Unknown,unknown,unknown,unknown,database,high,True,1,0,18.0,0.0,9.0,0.45,critical,mtls_aes256_gcm_x25519,high_priority
251,req_1758479329425_90fa8699,2025-09-21 18:28:49.495310+00:00,0.55,medium,0.0,0,1,0.3,public,0,0,False,Unknown,unknown,unknown,unknown,database,high,True,1,0,18.0,0.0,9.0,0.45,critical,mtls_aes256_gcm_x25519,high_priority
250,req_1758479329375_af571418,2025-09-21 18:28:49.475291+00:00,0.55,medium,0.0,0,1,0.3,public,0,0,False,Unknown,unknown,unknown,unknown,database,high,True,1,0,18.0,0.0,9.0,0.45,critical,mtls_aes256_gcm_x25519,high_priority
249,req_1758479329348_fc36e111,2025-09-21 18:28:49.455973+00:00,0.55,medium,0.0,0,1,0.3,public,0,0,False,Unknown,unknown,unknown,unknown,database,high,True,1,0,18.0,0.0,9.0,0.45,critical,mtls_aes256_gcm_x25519,high_priority
248,req_1758479329388_f2ab4476,2025-09-21 18:28:49.450041+00:00,0.55,medium,0.0,0,1,0.3,public,0,0,False,Unknown,unknown,unknown,unknown,database,high,True,1,0,18.0,0.0,9.0,0.45,critical,mtls_aes256_gcm_x25519,high_priority
247,req_1758479329360_7019ccd9,2025-09-21 18:28:49.447528+00:00,0.55,medium,0.0,0,1,0.3,public,0,0,False,Unknown,unknown,unknown,unknown,database,high,True,1,0,18.0,0.0,9.0,0.45,critical,mtls_aes256_gcm_x25519,high_priority
246,req_1758479329356_90b0f88b,2025-09-21 18:28:49.439813+00:00,0.55,medium,0.0,0,1,0.3,public,0,0,False,Unknown,unknown,unknown,unknown,database,high,True,1,0,18.0,0.0,9.0,0.45,critical,mtls_aes256_gcm_x25519,high_priority
245,req_1758479329331_32cd2f50,2025-09-21 18:28:49.423539+00:00,0.55,medium,0.0,0,1,0.3,public,0,0,False,Unknown,unknown,unknown,unknown,database,high,True,1,0,18.0,0.0,9.0,0.45,critical,mtls_aes256_gcm_x25519,high_priority
244,req_1758479329331_ecd8cca3,2025-09-21 18:28:49.420021+00:00,0.55,medium,0.0,0,1,0.3,public,0,0,False,Unknown,unknown,unknown,unknown,database,high,True,1,0,18.0,0.0,9.0,0.45,critical,mtls_aes256_gcm_x25519,high_priority
241,req_1758479329320_2f53a0ac,2025-09-21 18:28:49.403311+00:00,0.55,medium,0.0,0,1,0.3,public,0,0,False,Unknown,unknown,unknown,unknown,database,high,True,1,0,18.0,0.0,9.0,0.45,critical,mtls_aes256_gcm_x25519,high_priority
242,req_1758479329319_a48631dc,2025-09-21 18:28:49.399051+00:00,0.55,medium,0.0,0,1,0.3,public,0,0,False,Unknown,unknown,unknown,unknown,database,high,True,1,0,18.0,0.0,9.0,0.45,critical,mtls_aes256_gcm_x25519,high_priority
243,req_1758479329300_912bcc98,2025-09-21 18:28:49.394357+00:00,0.55,medium,0.0,0,1,0.3,public,0,0,False,Unknown,unknown,unknown,unknown,database,high,True,1,0,18.0,0.0,9.0,0.45,critical,mtls_aes256_gcm_x25519,high_priority
240,req_1758479329301_511498f5,2025-09-21 18:28:49.384276+00:00,0.55,medium,0.0,0,1,0.3,public,0,0,False,Unknown,unknown,unknown,unknown,database,high,True,1,0,18.0,0.0,9.0,0.45,critical,mtls_aes256_gcm_x25519,high_priority
239,req_1758479329314_6ec2e7fb,2025-09-21 18:28:49.373214+00:00,0.55,medium,0.0,0,1,0.3,public,0,0,False,Unknown,unknown,unknown,unknown,database,high,True,1,0,18.0,0.0,9.0,0.45,critical,mtls_aes256_gcm_x25519,high_priority
238,req_1758479329299_5e48caf2,2025-09-21 18:28:49.355452+00:00,0.55,medium,0.0,0,1,0.3,public,0,0,False,Unknown,unknown,unknown,unknown,database,high,True,1,0,18.0,0.0,9.0,0.45,critical,mtls_aes256_gcm_x25519,high_priority
237,req_1758479329271_574ffad8,2025-09-21 18:28:49.339677+00:00,0.55,medium,0.0,0,1,0.3,public,0,0,False,Unknown,unknown,unknown,unknown,database,high,True,1,0,18.0,0.0,9.0,0.45,critical,mtls_aes256_gcm_x25519,high_priority
236,req_1758479329286_d3a920e6,2025-09-21 18:28:49.335779+00:00,0.55,medium,0.0,0,1,0.3,public,0,0,False,Unknown,unknown,unknown,unknown,database,high,True,1,0,18.0,0.0,9.0,0.45,critical,mtls_aes256_gcm_x25519,high_priority
235,req_1758479329262_866ed403,2025-09-21 18:28:49.327617+00:00,0.55,medium,0.0,0,1,0.3,public,0,0,False,Unknown,unknown,unknown,unknown,database,high,True,1,0,18.0,0.0,9.0,0.45,critical,mtls_aes256_gcm_x25519,high_priority
234,req_1758479329259_810918b1,2025-09-21 18:28:49.319166+00:00,0.55,medium,0.0,0,1,0.3,public,0,0,False,Unknown,unknown,unknown,unknown,database,high,True,1,0,18.0,0.0,9.0,0.45,critical,mtls_aes256_gcm_x25519,high_priority
233,req_1758479329255_ecbef87a,2025-09-21 18:28:49.305305+00:00,0.55,medium,0.0,0,1,0.3,public,0,0,False,Unknown,unknown,unknown,unknown,database,high,True,1,0,18.0,0.0,9.0,0.45,critical,mtls_aes256_gcm_x25519,high_priority
232,req_1758479329234_8ea43dbe,2025-09-21 18:28:49.296025+00:00,0.55,medium,0.0,0,1,0.3,public,0,0,False,Unknown,unknown,unknown,unknown,database,high,True,1,0,18.0,0.0,9.0,0.45,critical,mtls_aes256_gcm_x25519,high_priority
231,req_1758479329253_87db28a9,2025-09-21 18:28:49.296025+00:00,0.55,medium,0.0,0,1,0.3,public,0,0,False,Unknown,unknown,unknown,unknown,database,high,True,1,0,18.0,0.0,9.0,0.45,critical,mtls_aes256_gcm_x25519,high_priority
230,req_1758479329240_6649d50c,2025-09-21 18:28:49.284828+00:00,0.55,medium,0.0,0,1,0.3,public,0,0,False,Unknown,unknown,unknown,unknown,database,high,True,1,0,18.0,0.0,9.0,0.45,critical,mtls_aes256_gcm_x25519,high_priority
229,req_1758479329212_66dfd036,2025-09-21 18:28:49.279259+00:00,0.55,medium,0.0,0,1,0.3,public,0,0,False,Unknown,unknown,unknown,unknown,database,high,True,1,0,18.0,0.0,9.0,0.45,critical,mtls_aes256_gcm_x25519,high_priority
227,req_1758479329176_4c4dfe64,2025-09-21 18:28:49.267803+00:00,0.55,medium,0.0,0,1,0.3,public,0,0,False,Unknown,unknown,unknown,unknown,database,high,True,1,0,18.0,0.0,9.0,0.45,critical,mtls_aes256_gcm_x25519,high_priority
228,req_1758479329205_2d395762,2025-09-21 18:28:49.267803+00:00,0.55,medium,0.0,0,1,0.3,public,0,0,False,Unknown,unknown,unknown,unknown,database,high,True,1,0,18.0,0.0,9.0,0.45,critical,mtls_aes256_gcm_x25519,high_priority
226,req_1758479329167_dfb9c998,2025-09-21 18:28:49.253929+00:00,0.55,medium,0.0,0,1,0.3,public,0,0,False,Unknown,unknown,unknown,unknown,database,high,True,1,0,18.0,0.0,9.0,0.45,critical,mtls_aes256_gcm_x25519,high_priority
225,req_1758479329190_b03b7285,2025-09-21 18:28:49.246343+00:00,0.55,medium,0.0,0,1,0.3,public,0,0,False,Unknown,unknown,unknown,unknown,database,high,True,1,0,18.0,0.0,9.0,0.45,critical,mtls_aes256_gcm_x25519,high_priority
224,req_1758479329175_d15bb20f,2025-09-21 18:28:49.240796+00:00,0.55,medium,0.0,0,1,0.3,public,0,0,False,Unknown,unknown,unknown,unknown,database,high,True,1,0,18.0,0.0,9.0,0.45,critical,mtls_aes256_gcm_x25519,high_priority
223,req_1758479329149_bddbf541,2025-09-21 18:28:49.239593+00:00,0.55,medium,0.0,0,1,0.3,public,0,0,False,Unknown,unknown,unknown,unknown,database,high,True,1,0,18.0,0.0,9.0,0.45,critical,mtls_aes256_gcm_x25519,high_priority
222,req_1758479329142_edd4f034,2025-09-21 18:28:49.228152+00:00,0.55,medium,0.0,0,1,0.3,public,0,0,False,Unknown,unknown,unknown,unknown,database,high,True,1,0,18.0,0.0,9.0,0.45,critical,mtls_aes256_gcm_x25519,high_priority
221,req_1758479329164_33476a31,2025-09-21 18:28:49.222296+00:00,0.55,medium,0.0,0,1,0.3,public,0,0,False,Unknown,unknown,unknown,unknown,database,high,True,1,0,18.0,0.0,9.0,0.45,critical,mtls_aes256_gcm_x25519,high_priority
220,req_1758479329126_f822eb34,2025-09-21 18:28:49.213516+00:00,0.55,medium,0.0,0,1,0.3,public,0,0,False,Unknown,unknown,unknown,unknown,database,high,True,1,0,18.0,0.0,9.0,0.45,critical,mtls_aes256_gcm_x25519,high_priority
219,req_1758479329147_ab1b57b3,2025-09-21 18:28:49.199224+00:00,0.55,medium,0.0,0,1,0.3,public,0,0,False,Unknown,unknown,unknown,unknown,database,high,True,1,0,18.0,0.0,9.0,0.45,critical,mtls_aes256_gcm_x25519,high_priority
218,req_1758479329107_a5b65b28,2025-09-21 18:28:49.193031+00:00,0.55,medium,0.0,0,1,0.3,public,0,0,False,Unknown,unknown,unknown,unknown,database,high,True,1,0,18.0,0.0,9.0,0.45,critical,mtls_aes256_gcm_x25519,high_priority
217,req_1758479329078_2ee9b5e1,2025-09-21 18:28:49.182532+00:00,0.55,medium,0.0,0,1,0.3,public,0,0,False,Unknown,unknown,unknown,unknown,database,high,True,1,0,18.0,0.0,9.0,0.45,critical,mtls_aes256_gcm_x25519,high_priority
216,req_1758479329125_33f4e6bc,2025-09-21 18:28:49.181988+00:00,0.55,medium,0.0,0,1,0.3,public,0,0,False,Unknown,unknown,unknown,unknown,database,high,True,1,0,18.0,0.0,9.0,0.45,critical,mtls_aes256_gcm_x25519,high_priority
215,req_1758479329066_767024cc,2025-09-21 18:28:49.173420+00:00,0.55,medium,0.0,0,1,0.3,public,0,0,False,Unknown,unknown,unknown,unknown,database,high,True,1,0,18.0,0.0,9.0,0.45,critical,mtls_aes256_gcm_x25519,high_priority
214,req_1758479329118_ebf91c07,2025-09-21 18:28:49.160518+00:00,0.55,medium,0.0,0,1,0.3,public,0,0,False,Unknown,unknown,unknown,unknown,database,high,True,1,0,18.0,0.0,9.0,0.45,critical,mtls_aes256_gcm_x25519,high_priority
213,req_1758479329058_8c187416,2025-09-21 18:28:49.160518+00:00,0.55,medium,0.0,0,1,0.3,public,0,0,False,Unknown,unknown,unknown,unknown,database,high,True,1,0,18.0,0.0,9.0,0.45,critical,mtls_aes256_gcm_x25519,high_priority
211,req_1758479329074_317b99bd,2025-09-21 18:28:49.151734+00:00,0.55,medium,0.0,0,1,0.3,public,0,0,False,Unknown,unknown,unknown,unknown,database,high,True,1,0,18.0,0.0,9.0,0.45,critical,mtls_aes256_gcm_x25519,high_priority
212,req_1758479329044_2d8cbd64,2025-09-21 18:28:49.151734+00:00,0.55,medium,0.0,0,1,0.3,public,0,0,False,Unknown,unknown,unknown,unknown,database,high,True,1,0,18.0,0.0,9.0,0.45,critical,mtls_aes256_gcm_x25519,high_priority
210,req_1758479329035_f1aff80d,2025-09-21 18:28:49.143935+00:00,0.55,medium,0.0,0,1,0.3,public,0,0,False,Unknown,unknown,unknown,unknown,database,high,True,1,0,18.0,0.0,9.0,0.45,critical,mtls_aes256_gcm_x25519,high_priority
209,req_1758479329058_3849d1fe,2025-09-21 18:28:49.130751+00:00,0.55,medium,0.0,0,1,0.3,public,0,0,False,Unknown,unknown,unknown,unknown,database,high,True,1,0,18.0,0.0,9.0,0.45,critical,mtls_aes256_gcm_x25519,high_priority
208,req_1758479329058_fb2da504,2025-09-21 18:28:49.125729+00:00,0.55,medium,0.0,0,1,0.3,public,0,0,False,Unknown,unknown,unknown,unknown,database,high,True,1,0,18.0,0.0,9.0,0.45,critical,mtls_aes256_gcm_x25519,high_priority
207,req_1758479329043_bfad9b1e,2025-09-21 18:28:49.109792+00:00,0.55,medium,0.0,0,1,0.3,public,0,0,False,Unknown,unknown,unknown,unknown,database,high,True,1,0,18.0,0.0,9.0,0.45,critical,mtls_aes256_gcm_x25519,high_priority
206,req_1758479328999_9f1e730a,2025-09-21 18:28:49.099373+00:00,0.55,medium,0.0,0,1,0.3,public,0,0,False,Unknown,unknown,unknown,unknown,database,high,True,1,0,18.0,0.0,9.0,0.45,critical,mtls_aes256_gcm_x25519,high_priority
205,req_1758479329013_3d0b61bd,2025-09-21 18:28:49.093900+00:00,0.55,medium,0.0,0,1,0.3,public,0,0,False,Unknown,unknown,unknown,unknown,database,high,True,1,0,18.0,0.0,9.0,0.45,critical,mtls_aes256_gcm_x25519,high_priority
204,req_1758479328994_6f04ab52,2025-09-21 18:28:49.083220+00:00,0.55,medium,0.0,0,1,0.3,public,0,0,False,Unknown,unknown,unknown,unknown,database,high,True,1,0,18.0,0.0,9.0,0.45,critical,mtls_aes256_gcm_x25519,high_priority
203,req_1758479329023_da28dee2,2025-09-21 18:28:49.075557+00:00,0.55,medium,0.0,0,1,0.3,public,0,0,False,Unknown,unknown,unknown,unknown,database,high,True,1,0,18.0,0.0,9.0,0.45,critical,mtls_aes256_gcm_x25519,high_priority
202,req_1758479328972_9d027809,2025-09-21 18:28:49.063919+00:00,0.55,medium,0.0,0,1,0.3,public,0,0,False,Unknown,unknown,unknown,unknown,database,high,True,1,0,18.0,0.0,9.0,0.45,critical,mtls_aes256_gcm_x25519,high_priority
201,req_1758479328997_69ccbffe,2025-09-21 18:28:49.056392+00:00,0.55,medium,0.0,0,1,0.3,public,0,0,False,Unknown,unknown,unknown,unknown,database,high,True,1,0,18.0,0.0,9.0,0.45,critical,mtls_aes256_gcm_x25519,high_priority
200,req_1758479328991_e0cef52b,2025-09-21 18:28:49.054387+00:00,0.55,medium,0.0,0,1,0.3,public,0,0,False,Unknown,unknown,unknown,unknown,database,high,True,1,0,18.0,0.0,9.0,0.45,critical,mtls_aes256_gcm_x25519,high_priority
199,req_1758479328946_8de02646,2025-09-21 18:28:49.047844+00:00,0.55,medium,0.0,0,1,0.3,public,0,0,False,Unknown,unknown,unknown,unknown,database,high,True,1,0,18.0,0.0,9.0,0.45,critical,mtls_aes256_gcm_x25519,high_priority
198,req_1758479328982_d0e1cedb,2025-09-21 18:28:49.043322+00:00,0.55,medium,0.0,0,1,0.3,public,0,0,False,Unknown,unknown,unknown,unknown,database,high,True,1,0,18.0,0.0,9.0,0.45,critical,mtls_aes256_gcm_x25519,high_priority
197,req_1758479328967_5ddd3c62,2025-09-21 18:28:49.030835+00:00,0.55,medium,0.0,0,1,0.3,public,0,0,False,Unknown,unknown,unknown,unknown,database,high,True,1,0,18.0,0.0,9.0,0.45,critical,mtls_aes256_gcm_x25519,high_priority
196,req_1758479328927_4e72293c,2025-09-21 18:28:49.026395+00:00,0.55,medium,0.0,0,1,0.3,public,0,0,False,Unknown,unknown,unknown,unknown,database,high,True,1,0,18.0,0.0,9.0,0.45,critical,mtls_aes256_gcm_x25519,high_priority
195,req_1758479328951_46045d37,2025-09-21 18:28:49.020854+00:00,0.55,medium,0.0,0,1,0.3,public,0,0,False,Unknown,unknown,unknown,unknown,database,high,True,1,0,18.0,0.0,9.0,0.45,critical,mtls_aes256_gcm_x25519,high_priority
194,req_1758479328927_20f52c55,2025-09-21 18:28:49.014744+00:00,0.55,medium,0.0,0,1,0.3,public,0,0,False,Unknown,unknown,unknown,unknown,database,high,True,1,0,18.0,0.0,9.0,0.45,critical,mtls_aes256_gcm_x25519,high_priority
193,req_1758479328891_56cbf243,2025-09-21 18:28:49.012241+00:00,0.55,medium,0.0,0,1,0.3,public,0,0,False,Unknown,unknown,unknown,unknown,database,high,True,1,0,18.0,0.0,9.0,0.45,critical,mtls_aes256_gcm_x25519,high_priority
192,req_1758479328924_33009ca5,2025-09-21 18:28:48.991728+00:00,0.55,medium,0.0,0,1,0.3,public,0,0,False,Unknown,unknown,unknown,unknown,database,high,True,1,0,18.0,0.0,9.0,0.45,critical,mtls_aes256_gcm_x25519,high_priority
191,req_1758479328924_e823710b,2025-09-21 18:28:48.978568+00:00,0.55,medium,0.0,0,1,0.3,public,0,0,False,Unknown,unknown,unknown,unknown,database,high,True,1,0,18.0,0.0,9.0,0.45,critical,mtls_aes256_gcm_x25519,high_priority
190,req_1758479328905_e6174fdc,2025-09-21 18:28:48.974602+00:00,0.55,medium,0.0,0,1,0.3,public,0,0,False,Unknown,unknown,unknown,unknown,database,high,True,1,0,18.0,0.0,9.0,0.45,critical,mtls_aes256_gcm_x25519,high_priority
189,req_1758479328875_376fbcb1,2025-09-21 18:28:48.961791+00:00,0.55,medium,0.0,0,1,0.3,public,0,0,False,Unknown,unknown,unknown,unknown,database,high,True,1,0,18.0,0.0,9.0,0.45,critical,mtls_aes256_gcm_x25519,high_priority
188,req_1758479328883_853ed61c,2025-09-21 18:28:48.950867+00:00,0.55,medium,0.0,0,1,0.3,public,0,0,False,Unknown,unknown,unknown,unknown,database,high,True,1,0,18.0,0.0,9.0,0.45,critical,mtls_aes256_gcm_x25519,high_priority
187,req_1758479328823_d248d3c0,2025-09-21 18:28:48.939247+00:00,0.55,medium,0.0,0,1,0.3,public,0,0,False,Unknown,unknown,unknown,unknown,database,high,True,1,0,18.0,0.0,9.0,0.45,critical,mtls_aes256_gcm_x25519,high_priority
186,req_1758479328853_ac462899,2025-09-21 18:28:48.926372+00:00,0.55,medium,0.0,0,1,0.3,public,0,0,False,Unknown,unknown,unknown,unknown,database,high,True,1,0,18.0,0.0,9.0,0.45,critical,mtls_aes256_gcm_x25519,high_priority
185,req_1758479328795_aba7987c,2025-09-21 18:28:48.925374+00:00,0.55,medium,0.0,0,1,0.3,public,0,0,False,Unknown,unknown,unknown,unknown,database,high,True,1,0,18.0,0.0,9.0,0.45,critical,mtls_aes256_gcm_x25519,high_priority
184,req_1758479328822_0f5b2239,2025-09-21 18:28:48.915235+00:00,0.55,medium,0.0,0,1,0.3,public,0,0,False,Unknown,unknown,unknown,unknown,database,high,True,1,0,18.0,0.0,9.0,0.45,critical,mtls_aes256_gcm_x25519,high_priority
183,req_1758479328794_b5437337,2025-09-21 18:28:48.901826+00:00,0.55,medium,0.0,0,1,0.3,public,0,0,False,Unknown,unknown,unknown,unknown,database,high,True,1,0,18.0,0.0,9.0,0.45,critical,mtls_aes256_gcm_x25519,high_priority
182,req_1758479328823_bb48b924,2025-09-21 18:28:48.899522+00:00,0.55,medium,0.0,0,1,0.3,public,0,0,False,Unknown,unknown,unknown,unknown,database,high,True,1,0,18.0,0.0,9.0,0.45,critical,mtls_aes256_gcm_x25519,high_priority
181,req_1758479328821_dd6f6aa4,2025-09-21 18:28:48.891596+00:00,0.55,medium,0.0,0,1,0.3,public,0,0,False,Unknown,unknown,unknown,unknown,database,high,True,1,0,18.0,0.0,9.0,0.45,critical,mtls_aes256_gcm_x25519,high_priority
180,req_1758479328764_08c7fb2e,2025-09-21 18:28:48.878150+00:00,0.55,medium,0.0,0,1,0.3,public,0,0,False,Unknown,unknown,unknown,unknown,database,high,True,1,0,18.0,0.0,9.0,0.45,critical,mtls_aes256_gcm_x25519,high_priority
179,req_1758479328806_2e978244,2025-09-21 18:28:48.873182+00:00,0.55,medium,0.0,0,1,0.3,public,0,0,False,Unknown,unknown,unknown,unknown,database,high,True,1,0,18.0,0.0,9.0,0.45,critical,mtls_aes256_gcm_x25519,high_priority
178,req_1758479328776_b5341635,2025-09-21 18:28:48.859771+00:00,0.55,medium,0.0,0,1,0.3,public,0,0,False,Unknown,unknown,unknown,unknown,database,high,True,1,0,18.0,0.0,9.0,0.45,critical,mtls_aes256_gcm_x25519,high_priority
177,req_1758479328790_ddc3ea21,2025-09-21 18:28:48.855494+00:00,0.55,medium,0.0,0,1,0.3,public,0,0,False,Unknown,unknown,unknown,unknown,database,high,True,1,0,18.0,0.0,9.0,0.45,critical,mtls_aes256_gcm_x25519,high_priority
175,req_1758479328740_daac9550,2025-09-21 18:28:48.847389+00:00,0.55,medium,0.0,0,1,0.3,public,0,0,False,Unknown,unknown,unknown,unknown,database,high,True,1,0,18.0,0.0,9.0,0.45,critical,mtls_aes256_gcm_x25519,high_priority
176,req_1758479328718_b14a0dc9,2025-09-21 18:28:48.845389+00:00,0.55,medium,0.0,0,1,0.3,public,0,0,False,Unknown,unknown,unknown,unknown,database,high,True,1,0,18.0,0.0,9.0,0.45,critical,mtls_aes256_gcm_x25519,high_priority
174,req_1758479328728_da1c8213,2025-09-21 18:28:48.835262+00:00,0.55,medium,0.0,0,1,0.3,public,0,0,False,Unknown,unknown,unknown,unknown,database,high,True,1,0,18.0,0.0,9.0,0.45,critical,mtls_aes256_gcm_x25519,high_priority
173,req_1758479328708_ea91ab38,2025-09-21 18:28:48.824901+00:00,0.55,medium,0.0,0,1,0.3,public,0,0,False,Unknown,unknown,unknown,unknown,database,high,True,1,0,18.0,0.0,9.0,0.45,critical,mtls_aes256_gcm_x25519,high_priority
172,req_1758479328750_a0ee7cfa,2025-09-21 18:28:48.813243+00:00,0.55,medium,0.0,0,1,0.3,public,0,0,False,Unknown,unknown,unknown,unknown,database,high,True,1,0,18.0,0.0,9.0,0.45,critical,mtls_aes256_gcm_x25519,high_priority
171,req_1758479328738_b6ff869f,2025-09-21 18:28:48.809722+00:00,0.55,medium,0.0,0,1,0.3,public,0,0,False,Unknown,unknown,unknown,unknown,database,high,True,1,0,18.0,0.0,9.0,0.45,critical,mtls_aes256_gcm_x25519,high_priority
170,req_1758479328664_60008f67,2025-09-21 18:28:48.804444+00:00,0.55,medium,0.0,0,1,0.3,public,0,0,False,Unknown,unknown,unknown,unknown,database,high,True,1,0,18.0,0.0,9.0,0.45,critical,mtls_aes256_gcm_x25519,high_priority
169,req_1758479328695_3a222426,2025-09-21 18:28:48.793482+00:00,0.55,medium,0.0,0,1,0.3,public,0,0,False,Unknown,unknown,unknown,unknown,database,high,True,1,0,18.0,0.0,9.0,0.45,critical,mtls_aes256_gcm_x25519,high_priority
168,req_1758479328706_860b24e0,2025-09-21 18:28:48.784612+00:00,0.55,medium,0.0,0,1,0.3,public,0,0,False,Unknown,unknown,unknown,unknown,database,high,True,1,0,18.0,0.0,9.0,0.45,critical,mtls_aes256_gcm_x25519,high_priority
167,req_1758479328688_d0bb00d3,2025-09-21 18:28:48.772875+00:00,0.55,medium,0.0,0,1,0.3,public,0,0,False,Unknown,unknown,unknown,unknown,database,high,True,1,0,18.0,0.0,9.0,0.45,critical,mtls_aes256_gcm_x25519,high_priority
166,req_1758479328588_e330fb73,2025-09-21 18:28:48.769434+00:00,0.55,medium,0.0,0,1,0.3,public,0,0,False,Unknown,unknown,unknown,unknown,database,high,True,1,0,18.0,0.0,9.0,0.45,critical,mtls_aes256_gcm_x25519,high_priority
165,req_1758479328683_0260e4a4,2025-09-21 18:28:48.756277+00:00,0.55,medium,0.0,0,1,0.3,public,0,0,False,Unknown,unknown,unknown,unknown,database,high,True,1,0,18.0,0.0,9.0,0.45,critical,mtls_aes256_gcm_x25519,high_priority
163,req_1758479328653_36f67498,2025-09-21 18:28:48.750528+00:00,0.55,medium,0.0,0,1,0.3,public,0,0,False,Unknown,unknown,unknown,unknown,database,high,True,1,0,18.0,0.0,9.0,0.45,critical,mtls_aes256_gcm_x25519,high_priority
164,req_1758479328616_906ab7c2,2025-09-21 18:28:48.750528+00:00,0.55,medium,0.0,0,1,0.3,public,0,0,False,Unknown,unknown,unknown,unknown,database,high,True,1,0,18.0,0.0,9.0,0.45,critical,mtls_aes256_gcm_x25519,high_priority
162,req_1758479328593_2a945e0f,2025-09-21 18:28:48.735999+00:00,0.55,medium,0.0,0,1,0.3,public,0,0,False,Unknown,unknown,unknown,unknown,database,high,True,1,0,18.0,0.0,9.0,0.45,critical,mtls_aes256_gcm_x25519,high_priority
161,req_1758479328653_d47c1562,2025-09-21 18:28:48.725264+00:00,0.55,medium,0.0,0,1,0.3,public,0,0,False,Unknown,unknown,unknown,unknown,database,high,True,1,0,18.0,0.0,9.0,0.45,critical,mtls_aes256_gcm_x25519,high_priority
160,req_1758479328624_bd5cf291,2025-09-21 18:28:48.709397+00:00,0.55,medium,0.0,0,1,0.3,public,0,0,False,Unknown,unknown,unknown,unknown,database,high,True,1,0,18.0,0.0,9.0,0.45,critical,mtls_aes256_gcm_x25519,high_priority
159,req_1758479328611_27262b6a,2025-09-21 18:28:48.699078+00:00,0.55,medium,0.0,0,1,0.3,public,0,0,False,Unknown,unknown,unknown,unknown,database,high,True,1,0,18.0,0.0,9.0,0.45,critical,mtls_aes256_gcm_x25519,high_priority
157,req_1758479328611_fcf15266,2025-09-21 18:28:48.687648+00:00,0.55,medium,0.0,0,1,0.3,public,0,0,False,Unknown,unknown,unknown,unknown,database,high,True,1,0,18.0,0.0,9.0,0.45,critical,mtls_aes256_gcm_x25519,high_priority
158,req_1758479328556_59721d5e,2025-09-21 18:28:48.683639+00:00,0.55,medium,0.0,0,1,0.3,public,0,0,False,Unknown,unknown,unknown,unknown,database,high,True,1,0,18.0,0.0,9.0,0.45,critical,mtls_aes256_gcm_x25519,high_priority
156,req_1758479328583_dc0deafa,2025-09-21 18:28:48.654031+00:00,0.55,medium,0.0,0,1,0.3,public,0,0,False,Unknown,unknown,unknown,unknown,database,high,True,1,0,18.0,0.0,9.0,0.45,critical,mtls_aes256_gcm_x25519,high_priority
155,req_1758479328511_eda81ed1,2025-09-21 18:28:48.647405+00:00,0.55,medium,0.0,0,1,0.3,public,0,0,False,Unknown,unknown,unknown,unknown,database,high,True,1,0,18.0,0.0,9.0,0.45,critical,mtls_aes256_gcm_x25519,high_priority
154,req_1758479328569_bb8df8e2,2025-09-21 18:28:48.640216+00:00,0.55,medium,0.0,0,1,0.3,public,0,0,False,Unknown,unknown,unknown,unknown,database,high,True,1,0,18.0,0.0,9.0,0.45,critical,mtls_aes256_gcm_x25519,high_priority
153,req_1758479328501_b54f5186,2025-09-21 18:28:48.631691+00:00,0.55,medium,0.0,0,1,0.3,public,0,0,False,Unknown,unknown,unknown,unknown,database,high,True,1,0,18.0,0.0,9.0,0.45,critical,mtls_aes256_gcm_x25519,high_priority
152,req_1758479328501_46f09a3c,2025-09-21 18:28:48.627225+00:00,0.55,medium,0.0,0,1,0.3,public,0,0,False,Unknown,unknown,unknown,unknown,database,high,True,1,0,18.0,0.0,9.0,0.45,critical,mtls_aes256_gcm_x25519,high_priority
151,req_1758479328493_09e826c2,2025-09-21 18:28:48.616585+00:00,0.55,medium,0.0,0,1,0.3,public,0,0,False,Unknown,unknown,unknown,unknown,database,high,True,1,0,18.0,0.0,9.0,0.45,critical,mtls_aes256_gcm_x25519,high_priority
150,req_1758479328460_7c9efea1,2025-09-21 18:28:48.603299+00:00,0.55,medium,0.0,0,1,0.3,public,0,0,False,Unknown,unknown,unknown,unknown,database,high,True,1,0,18.0,0.0,9.0,0.45,critical,mtls_aes256_gcm_x25519,high_priority
149,req_1758479328420_c43373a7,2025-09-21 18:28:48.599672+00:00,0.55,medium,0.0,0,1,0.3,public,0,0,False,Unknown,unknown,unknown,unknown,database,high,True,1,0,18.0,0.0,9.0,0.45,critical,mtls_aes256_gcm_x25519,high_priority
148,req_1758479328510_af82536e,2025-09-21 18:28:48.593003+00:00,0.55,medium,0.0,0,1,0.3,public,0,0,False,Unknown,unknown,unknown,unknown,database,high,True,1,0,18.0,0.0,9.0,0.45,critical,mtls_aes256_gcm_x25519,high_priority
147,req_1758479328401_29c0cbab,2025-09-21 18:28:48.584598+00:00,0.55,medium,0.0,0,1,0.3,public,0,0,False,Unknown,unknown,unknown,unknown,database,high,True,1,0,18.0,0.0,9.0,0.45,critical,mtls_aes256_gcm_x25519,high_priority
146,req_1758479328490_709c1e4a,2025-09-21 18:28:48.574335+00:00,0.55,medium,0.0,0,1,0.3,public,0,0,False,Unknown,unknown,unknown,unknown,database,high,True,1,0,18.0,0.0,9.0,0.45,critical,mtls_aes256_gcm_x25519,high_priority
145,req_1758479328479_39b14483,2025-09-21 18:28:48.568518+00:00,0.55,medium,0.0,0,1,0.3,public,0,0,False,Unknown,unknown,unknown,unknown,database,high,True,1,0,18.0,0.0,9.0,0.45,critical,mtls_aes256_gcm_x25519,high_priority
144,req_1758479328374_1fd96f48,2025-09-21 18:28:48.557994+00:00,0.55,medium,0.0,0,1,0.3,public,0,0,False,Unknown,unknown,unknown,unknown,database,high,True,1,0,18.0,0.0,9.0,0.45,critical,mtls_aes256_gcm_x25519,high_priority
143,req_1758479328374_9dc47b7f,2025-09-21 18:28:48.549808+00:00,0.55,medium,0.0,0,1,0.3,public,0,0,False,Unknown,unknown,unknown,unknown,database,high,True,1,0,18.0,0.0,9.0,0.45,critical,mtls_aes256_gcm_x25519,high_priority
142,req_1758479328458_fa141661,2025-09-21 18:28:48.525722+00:00,0.55,medium,0.0,0,1,0.3,public,0,0,False,Unknown,unknown,unknown,unknown,database,high,True,1,0,18.0,0.0,9.0,0.45,critical,mtls_aes256_gcm_x25519,high_priority
141,req_1758479328352_c071626c,2025-09-21 18:28:48.509987+00:00,0.55,medium,0.0,0,1,0.3,public,0,0,False,Unknown,unknown,unknown,unknown,database,high,True,1,0,18.0,0.0,9.0,0.45,critical,mtls_aes256_gcm_x25519,high_priority
140,req_1758479328307_7888963b,2025-09-21 18:28:48.493887+00:00,0.55,medium,0.0,0,1,0.3,public,0,0,False,Unknown,unknown,unknown,unknown,database,high,True,1,0,18.0,0.0,9.0,0.45,critical,mtls_aes256_gcm_x25519,high_priority
139,req_1758479328408_3a81deda,2025-09-21 18:28:48.485900+00:00,0.55,medium,0.0,0,1,0.3,public,0,0,False,Unknown,unknown,unknown,unknown,database,high,True,1,0,18.0,0.0,9.0,0.45,critical,mtls_aes256_gcm_x25519,high_priority
138,req_1758479328399_da53b08a,2025-09-21 18:28:48.466983+00:00,0.55,medium,0.0,0,1,0.3,public,0,0,False,Unknown,unknown,unknown,unknown,database,high,True,1,0,18.0,0.0,9.0,0.45,critical,mtls_aes256_gcm_x25519,high_priority
137,req_1758479328384_17038630,2025-09-21 18:28:48.462850+00:00,0.55,medium,0.0,0,1,0.3,public,0,0,False,Unknown,unknown,unknown,unknown,database,high,True,1,0,18.0,0.0,9.0,0.45,critical,mtls_aes256_gcm_x25519,high_priority
136,req_1758479328371_24987bc5,2025-09-21 18:28:48.454824+00:00,0.55,medium,0.0,0,1,0.3,public,0,0,False,Unknown,unknown,unknown,unknown,database,high,True,1,0,18.0,0.0,9.0,0.45,critical,mtls_aes256_gcm_x25519,high_priority
135,req_1758479328275_8f4391cb,2025-09-21 18:28:48.440038+00:00,0.55,medium,0.0,0,1,0.3,public,0,0,False,Unknown,unknown,unknown,unknown,database,high,True,1,0,18.0,0.0,9.0,0.45,critical,mtls_aes256_gcm_x25519,high_priority
133,req_1758479328270_30496f6c,2025-09-21 18:28:48.435068+00:00,0.55,medium,0.0,0,1,0.3,public,0,0,False,Unknown,unknown,unknown,unknown,database,high,True,1,0,18.0,0.0,9.0,0.45,critical,mtls_aes256_gcm_x25519,high_priority
134,req_1758479328184_33aa08ac,2025-09-21 18:28:48.433776+00:00,0.55,medium,0.0,0,1,0.3,public,0,0,False,Unknown,unknown,unknown,unknown,database,high,True,1,0,18.0,0.0,9.0,0.45,critical,mtls_aes256_gcm_x25519,high_priority
132,req_1758479328303_dbccc467,2025-09-21 18:28:48.424200+00:00,0.55,medium,0.0,0,1,0.3,public,0,0,False,Unknown,unknown,unknown,unknown,database,high,True,1,0,18.0,0.0,9.0,0.45,critical,mtls_aes256_gcm_x25519,high_priority
131,req_1758479328172_377648ef,2025-09-21 18:28:48.407096+00:00,0.55,medium,0.0,0,1,0.3,public,0,0,False,Unknown,unknown,unknown,unknown,database,high,True,1,0,18.0,0.0,9.0,0.45,critical,mtls_aes256_gcm_x25519,high_priority
130,req_1758479328273_cf50f2aa,2025-09-21 18:28:48.381958+00:00,0.55,medium,0.0,0,1,0.3,public,0,0,False,Unknown,unknown,unknown,unknown,database,high,True,1,0,18.0,0.0,9.0,0.45,critical,mtls_aes256_gcm_x25519,high_priority
129,req_1758479328152_5738f687,2025-09-21 18:28:48.374012+00:00,0.55,medium,0.0,0,1,0.3,public,0,0,False,Unknown,unknown,unknown,unknown,database,high,True,1,0,18.0,0.0,9.0,0.45,critical,mtls_aes256_gcm_x25519,high_priority
128,req_1758479328161_3012dcca,2025-09-21 18:28:48.365362+00:00,0.55,medium,0.0,0,1,0.3,public,0,0,False,Unknown,unknown,unknown,unknown,database,high,True,1,0,18.0,0.0,9.0,0.45,critical,mtls_aes256_gcm_x25519,high_priority
127,req_1758479328238_df12e723,2025-09-21 18:28:48.360300+00:00,0.55,medium,0.0,0,1,0.3,public,0,0,False,Unknown,unknown,unknown,unknown,database,high,True,1,0,18.0,0.0,9.0,0.45,critical,mtls_aes256_gcm_x25519,high_priority
125,req_1758479328226_193a362d,2025-09-21 18:28:48.349980+00:00,0.55,medium,0.0,0,1,0.3,public,0,0,False,Unknown,unknown,unknown,unknown,database,high,True,1,0,18.0,0.0,9.0,0.45,critical,mtls_aes256_gcm_x25519,high_priority
126,req_1758479328226_89959640,2025-09-21 18:28:48.345473+00:00,0.55,medium,0.0,0,1,0.3,public,0,0,False,Unknown,unknown,unknown,unknown,database,high,True,1,0,18.0,0.0,9.0,0.45,critical,mtls_aes256_gcm_x25519,high_priority
124,req_1758479328187_a01daa17,2025-09-21 18:28:48.312063+00:00,0.55,medium,0.0,0,1,0.3,public,0,0,False,Unknown,unknown,unknown,unknown,database,high,True,1,0,18.0,0.0,9.0,0.45,critical,mtls_aes256_gcm_x25519,high_priority
122,req_1758479328139_2efe36f8,2025-09-21 18:28:48.286940+00:00,0.55,medium,0.0,0,1,0.3,public,0,0,False,Unknown,unknown,unknown,unknown,database,high,True,1,0,18.0,0.0,9.0,0.45,critical,mtls_aes256_gcm_x25519,high_priority
123,req_1758479328072_65f2183d,2025-09-21 18:28:48.286093+00:00,0.55,medium,0.0,0,1,0.3,public,0,0,False,Unknown,unknown,unknown,unknown,database,high,True,1,0,18.0,0.0,9.0,0.45,critical,mtls_aes256_gcm_x25519,high_priority
121,req_1758479328146_00434ee4,2025-09-21 18:28:48.273726+00:00,0.55,medium,0.0,0,1,0.3,public,0,0,False,Unknown,unknown,unknown,unknown,database,high,True,1,0,18.0,0.0,9.0,0.45,critical,mtls_aes256_gcm_x25519,high_priority
120,req_1758479328137_a259318d,2025-09-21 18:28:48.237611+00:00,0.55,medium,0.0,0,1,0.3,public,0,0,False,Unknown,unknown,unknown,unknown,database,high,True,1,0,18.0,0.0,9.0,0.45,critical,mtls_aes256_gcm_x25519,high_priority
119,req_1758479328101_77451d0d,2025-09-21 18:28:48.237611+00:00,0.55,medium,0.0,0,1,0.3,public,0,0,False,Unknown,unknown,unknown,unknown,database,high,True,1,0,18.0,0.0,9.0,0.45,critical,mtls_aes256_gcm_x25519,high_priority
118,req_1758479328042_ecd73080,2025-09-21 18:28:48.210895+00:00,0.55,medium,0.0,0,1,0.3,public,0,0,False,Unknown,unknown,unknown,unknown,database,high,True,1,0,18.0,0.0,9.0,0.45,critical,mtls_aes256_gcm_x25519,high_priority
117,req_1758479328020_b9d5006c,2025-09-21 18:28:48.187978+00:00,0.55,medium,0.0,0,1,0.3,public,0,0,False,Unknown,unknown,unknown,unknown,database,high,True,1,0,18.0,0.0,9.0,0.45,critical,mtls_aes256_gcm_x25519,high_priority
116,req_1758479328010_18a53c8d,2025-09-21 18:28:48.186664+00:00,0.55,medium,0.0,0,1,0.3,public,0,0,False,Unknown,unknown,unknown,unknown,database,high,True,1,0,18.0,0.0,9.0,0.45,critical,mtls_aes256_gcm_x25519,high_priority
115,req_1758479327999_6eaf69f5,2025-09-21 18:28:48.178220+00:00,0.55,medium,0.0,0,1,0.3,public,0,0,False,Unknown,unknown,unknown,unknown,database,high,True,1,0,18.0,0.0,9.0,0.45,critical,mtls_aes256_gcm_x25519,high_priority
114,req_1758479328071_596decb3,2025-09-21 18:28:48.151977+00:00,0.55,medium,0.0,0,1,0.3,public,0,0,False,Unknown,unknown,unknown,unknown,database,high,True,1,0,18.0,0.0,9.0,0.45,critical,mtls_aes256_gcm_x25519,high_priority
113,req_1758479328080_40274d44,2025-09-21 18:28:48.146368+00:00,0.55,medium,0.0,0,1,0.3,public,0,0,False,Unknown,unknown,unknown,unknown,database,high,True,1,0,18.0,0.0,9.0,0.45,critical,mtls_aes256_gcm_x25519,high_priority
112,req_1758479328071_e764145a,2025-09-21 18:28:48.133453+00:00,0.55,medium,0.0,0,1,0.3,public,0,0,False,Unknown,unknown,unknown,unknown,database,high,True,1,0,18.0,0.0,9.0,0.45,critical,mtls_aes256_gcm_x25519,high_priority
111,req_1758479328055_7d4693ed,2025-09-21 18:28:48.119236+00:00,0.55,medium,0.0,0,1,0.3,public,0,0,False,Unknown,unknown,unknown,unknown,database,high,True,1,0,18.0,0.0,9.0,0.45,critical,mtls_aes256_gcm_x25519,high_priority
110,req_1758479328040_425b2e7e,2025-09-21 18:28:48.108420+00:00,0.55,medium,0.0,0,1,0.3,public,0,0,False,Unknown,unknown,unknown,unknown,database,high,True,1,0,18.0,0.0,9.0,0.45,critical,mtls_aes256_gcm_x25519,high_priority
109,req_1758479327755_6ec661ee,2025-09-21 18:28:48.104661+00:00,0.55,medium,0.0,0,1,0.3,public,0,0,False,Unknown,unknown,unknown,unknown,database,high,True,1,0,18.0,0.0,9.0,0.45,critical,mtls_aes256_gcm_x25519,high_priority
108,req_1758479327959_471f5173,2025-09-21 18:28:48.083641+00:00,0.55,medium,0.0,0,1,0.3,public,0,0,False,Unknown,unknown,unknown,unknown,database,high,True,1,0,18.0,0.0,9.0,0.45,critical,mtls_aes256_gcm_x25519,high_priority
107,req_1758479327974_bfd55842,2025-09-21 18:28:48.078562+00:00,0.55,medium,0.0,0,1,0.3,public,0,0,False,Unknown,unknown,unknown,unknown,database,high,True,1,0,18.0,0.0,9.0,0.45,critical,mtls_aes256_gcm_x25519,high_priority
106,req_1758479327962_3af84848,2025-09-21 18:28:48.067252+00:00,0.55,medium,0.0,0,1,0.3,public,0,0,False,Unknown,unknown,unknown,unknown,database,high,True,1,0,18.0,0.0,9.0,0.45,critical,mtls_aes256_gcm_x25519,high_priority
105,req_1758479327944_23e9224b,2025-09-21 18:28:48.065539+00:00,0.55,medium,0.0,0,1,0.3,public,0,0,False,Unknown,unknown,unknown,unknown,database,high,True,1,0,18.0,0.0,9.0,0.45,critical,mtls_aes256_gcm_x25519,high_priority
104,req_1758479327917_b4cb2bdc,2025-09-21 18:28:48.057879+00:00,0.55,medium,0.0,0,1,0.3,public,0,0,False,Unknown,unknown,unknown,unknown,database,high,True,1,0,18.0,0.0,9.0,0.45,critical,mtls_aes256_gcm_x25519,high_priority
103,req_1758479327883_a8b615c6,2025-09-21 18:28:48.055871+00:00,0.55,medium,0.0,0,1,0.3,public,0,0,False,Unknown,unknown,unknown,unknown,database,high,True,1,0,18.0,0.0,9.0,0.45,critical,mtls_aes256_gcm_x25519,high_priority
102,req_1758479327956_212b307a,2025-09-21 18:28:48.050664+00:00,0.55,medium,0.0,0,1,0.3,public,0,0,False,Unknown,unknown,unknown,unknown,database,high,True,1,0,18.0,0.0,9.0,0.45,critical,mtls_aes256_gcm_x25519,high_priority
101,req_1758479327908_dfe8e83b,2025-09-21 18:28:48.042175+00:00,0.55,medium,0.0,0,1,0.3,public,0,0,False,Unknown,unknown,unknown,unknown,database,high,True,1,0,18.0,0.0,9.0,0.45,critical,mtls_aes256_gcm_x25519,high_priority
100,req_1758479327942_69a7889e,2025-09-21 18:28:48.009115+00:00,0.55,medium,0.0,0,1,0.3,public,0,0,False,Unknown,unknown,unknown,unknown,database,high,True,1,0,18.0,0.0,9.0,0.45,critical,mtls_aes256_gcm_x25519,high_priority
99,req_1758479327814_9fece0e0,2025-09-21 18:28:47.986732+00:00,0.55,medium,0.0,0,1,0.3,public,0,0,False,Unknown,unknown,unknown,unknown,database,high,True,1,0,18.0,0.0,9.0,0.45,critical,mtls_aes256_gcm_x25519,high_priority
97,req_1758479327939_4c78d795,2025-09-21 18:28:47.981897+00:00,0.55,medium,0.0,0,1,0.3,public,0,0,False,Unknown,unknown,unknown,unknown,database,high,True,1,0,18.0,0.0,9.0,0.45,critical,mtls_aes256_gcm_x25519,high_priority
98,req_1758479327847_af565b6a,2025-09-21 18:28:47.978381+00:00,0.55,medium,0.0,0,1,0.3,public,0,0,False,Unknown,unknown,unknown,unknown,database,high,True,1,0,18.0,0.0,9.0,0.45,critical,mtls_aes256_gcm_x25519,high_priority
96,req_1758479327922_590af3f5,2025-09-21 18:28:47.973759+00:00,0.55,medium,0.0,0,1,0.3,public,0,0,False,Unknown,unknown,unknown,unknown,database,high,True,1,0,18.0,0.0,9.0,0.45,critical,mtls_aes256_gcm_x25519,high_priority
95,req_1758479327916_fd8f4737,2025-09-21 18:28:47.969288+00:00,0.55,medium,0.0,0,1,0.3,public,0,0,False,Unknown,unknown,unknown,unknown,database,high,True,1,0,18.0,0.0,9.0,0.45,critical,mtls_aes256_gcm_x25519,high_priority
94,req_1758479327903_70f3c097,2025-09-21 18:28:47.943515+00:00,0.55,medium,0.0,0,1,0.3,public,0,0,False,Unknown,unknown,unknown,unknown,database,high,True,1,0,18.0,0.0,9.0,0.45,critical,mtls_aes256_gcm_x25519,high_priority
91,req_1758479327879_68f84199,2025-09-21 18:28:47.933383+00:00,0.55,medium,0.0,0,1,0.3,public,0,0,False,Unknown,unknown,unknown,unknown,database,high,True,1,0,18.0,0.0,9.0,0.45,critical,mtls_aes256_gcm_x25519,high_priority
92,req_1758479327749_04e4d899,2025-09-21 18:28:47.928171+00:00,0.55,medium,0.0,0,1,0.3,public,0,0,False,Unknown,unknown,unknown,unknown,database,high,True,1,0,18.0,0.0,9.0,0.45,critical,mtls_aes256_gcm_x25519,high_priority
93,req_1758479327860_ec73b1e7,2025-09-21 18:28:47.927131+00:00,0.55,medium,0.0,0,1,0.3,public,0,0,False,Unknown,unknown,unknown,unknown,database,high,True,1,0,18.0,0.0,9.0,0.45,critical,mtls_aes256_gcm_x25519,high_priority
90,req_1758479327828_8134ab82,2025-09-21 18:28:47.911694+00:00,0.55,medium,0.0,0,1,0.3,public,0,0,False,Unknown,unknown,unknown,unknown,database,high,True,1,0,18.0,0.0,9.0,0.45,critical,mtls_aes256_gcm_x25519,high_priority
89,req_1758479327709_a473d0a3,2025-09-21 18:28:47.900419+00:00,0.55,medium,0.0,0,1,0.3,public,0,0,False,Unknown,unknown,unknown,unknown,database,high,True,1,0,18.0,0.0,9.0,0.45,critical,mtls_aes256_gcm_x25519,high_priority
87,req_1758479327778_1ba9d795,2025-09-21 18:28:47.888691+00:00,0.55,medium,0.0,0,1,0.3,public,0,0,False,Unknown,unknown,unknown,unknown,database,high,True,1,0,18.0,0.0,9.0,0.45,critical,mtls_aes256_gcm_x25519,high_priority
88,req_1758479327698_14776d88,2025-09-21 18:28:47.879068+00:00,0.55,medium,0.0,0,1,0.3,public,0,0,False,Unknown,unknown,unknown,unknown,database,high,True,1,0,18.0,0.0,9.0,0.45,critical,mtls_aes256_gcm_x25519,high_priority
86,req_1758479327673_c6d8cc4e,2025-09-21 18:28:47.875500+00:00,0.55,medium,0.0,0,1,0.3,public,0,0,False,Unknown,unknown,unknown,unknown,database,high,True,1,0,18.0,0.0,9.0,0.45,critical,mtls_aes256_gcm_x25519,high_priority
85,req_1758479327760_346eff97,2025-09-21 18:28:47.873342+00:00,0.55,medium,0.0,0,1,0.3,public,0,0,False,Unknown,unknown,unknown,unknown,database,high,True,1,0,18.0,0.0,9.0,0.45,critical,mtls_aes256_gcm_x25519,high_priority
84,req_1758479327757_93a5f2d0,2025-09-21 18:28:47.859501+00:00,0.55,medium,0.0,0,1,0.3,public,0,0,False,Unknown,unknown,unknown,unknown,database,high,True,1,0,18.0,0.0,9.0,0.45,critical,mtls_aes256_gcm_x25519,high_priority
83,req_1758479327749_74abe436,2025-09-21 18:28:47.851847+00:00,0.55,medium,0.0,0,1,0.3,public,0,0,False,Unknown,unknown,unknown,unknown,database,high,True,1,0,18.0,0.0,9.0,0.45,critical,mtls_aes256_gcm_x25519,high_priority
82,req_1758479327659_560dda32,2025-09-21 18:28:47.839751+00:00,0.55,medium,0.0,0,1,0.3,public,0,0,False,Unknown,unknown,unknown,unknown,database,high,True,1,0,18.0,0.0,9.0,0.45,critical,mtls_aes256_gcm_x25519,high_priority
81,req_1758479327707_12794473,2025-09-21 18:28:47.806790+00:00,0.55,medium,0.0,0,1,0.3,public,0,0,False,Unknown,unknown,unknown,unknown,database,high,True,1,0,18.0,0.0,9.0,0.45,critical,mtls_aes256_gcm_x25519,high_priority
80,req_1758479327638_eb9d3526,2025-09-21 18:28:47.800952+00:00,0.55,medium,0.0,0,1,0.3,public,0,0,False,Unknown,unknown,unknown,unknown,database,high,True,1,0,18.0,0.0,9.0,0.45,critical,mtls_aes256_gcm_x25519,high_priority
78,req_1758479327678_bd88ac64,2025-09-21 18:28:47.783493+00:00,0.55,medium,0.0,0,1,0.3,public,0,0,False,Unknown,unknown,unknown,unknown,database,high,True,1,0,18.0,0.0,9.0,0.45,critical,mtls_aes256_gcm_x25519,high_priority
79,req_1758479327616_8dd6572e,2025-09-21 18:28:47.783493+00:00,0.55,medium,0.0,0,1,0.3,public,0,0,False,Unknown,unknown,unknown,unknown,database,high,True,1,0,18.0,0.0,9.0,0.45,critical,mtls_aes256_gcm_x25519,high_priority
77,req_1758479327576_5546ae2c,2025-09-21 18:28:47.766870+00:00,0.55,medium,0.0,0,1,0.3,public,0,0,False,Unknown,unknown,unknown,unknown,database,high,True,1,0,18.0,0.0,9.0,0.45,critical,mtls_aes256_gcm_x25519,high_priority
76,req_1758479327672_234c0981,2025-09-21 18:28:47.753021+00:00,0.55,medium,0.0,0,1,0.3,public,0,0,False,Unknown,unknown,unknown,unknown,database,high,True,1,0,18.0,0.0,9.0,0.45,critical,mtls_aes256_gcm_x25519,high_priority
75,req_1758479327568_795910f3,2025-09-21 18:28:47.739941+00:00,0.55,medium,0.0,0,1,0.3,public,0,0,False,Unknown,unknown,unknown,unknown,database,high,True,1,0,18.0,0.0,9.0,0.45,critical,mtls_aes256_gcm_x25519,high_priority
74,req_1758479327555_a1010282,2025-09-21 18:28:47.734979+00:00,0.55,medium,0.0,0,1,0.3,public,0,0,False,Unknown,unknown,unknown,unknown,database,high,True,1,0,18.0,0.0,9.0,0.45,critical,mtls_aes256_gcm_x25519,high_priority
73,req_1758479327513_7c5bf953,2025-09-21 18:28:47.734979+00:00,0.55,medium,0.0,0,1,0.3,public,0,0,False,Unknown,unknown,unknown,unknown,database,high,True,1,0,18.0,0.0,9.0,0.45,critical,mtls_aes256_gcm_x25519,high_priority
72,req_1758479327612_bf407aff,2025-09-21 18:28:47.706723+00:00,0.55,medium,0.0,0,1,0.3,public,0,0,False,Unknown,unknown,unknown,unknown,database,high,True,1,0,18.0,0.0,9.0,0.45,critical,mtls_aes256_gcm_x25519,high_priority
71,req_1758479327614_e185cf22,2025-09-21 18:28:47.690867+00:00,0.55,medium,0.0,0,1,0.3,public,0,0,False,Unknown,unknown,unknown,unknown,database,high,True,1,0,18.0,0.0,9.0,0.45,critical,mtls_aes256_gcm_x25519,high_priority
70,req_1758479327606_0179e5ed,2025-09-21 18:28:47.680649+00:00,0.55,medium,0.0,0,1,0.3,public,0,0,False,Unknown,unknown,unknown,unknown,database,high,True,1,0,18.0,0.0,9.0,0.45,critical,mtls_aes256_gcm_x25519,high_priority
69,req_1758479327589_eddea4ed,2025-09-21 18:28:47.667542+00:00,0.55,medium,0.0,0,1,0.3,public,0,0,False,Unknown,unknown,unknown,unknown,database,high,True,1,0,18.0,0.0,9.0,0.45,critical,mtls_aes256_gcm_x25519,high_priority
68,req_1758479327485_0999d02e,2025-09-21 18:28:47.659923+00:00,0.55,medium,0.0,0,1,0.3,public,0,0,False,Unknown,unknown,unknown,unknown,database,high,True,1,0,18.0,0.0,9.0,0.45,critical,mtls_aes256_gcm_x25519,high_priority
67,req_1758479327490_9777acf3,2025-09-21 18:28:47.659159+00:00,0.55,medium,0.0,0,1,0.3,public,0,0,False,Unknown,unknown,unknown,unknown,database,high,True,1,0,18.0,0.0,9.0,0.45,critical,mtls_aes256_gcm_x25519,high_priority
66,req_1758479327566_a4ecbb30,2025-09-21 18:28:47.653517+00:00,0.55,medium,0.0,0,1,0.3,public,0,0,False,Unknown,unknown,unknown,unknown,database,high,True,1,0,18.0,0.0,9.0,0.45,critical,mtls_aes256_gcm_x25519,high_priority
65,req_1758479327560_42f8b29f,2025-09-21 18:28:47.640343+00:00,0.55,medium,0.0,0,1,0.3,public,0,0,False,Unknown,unknown,unknown,unknown,database,high,True,1,0,18.0,0.0,9.0,0.45,critical,mtls_aes256_gcm_x25519,high_priority
64,req_1758479327552_78b44b2c,2025-09-21 18:28:47.623786+00:00,0.55,medium,0.0,0,1,0.3,public,0,0,False,Unknown,unknown,unknown,unknown,database,high,True,1,0,18.0,0.0,9.0,0.45,critical,mtls_aes256_gcm_x25519,high_priority
63,req_1758479327462_f4d7f336,2025-09-21 18:28:47.610520+00:00,0.55,medium,0.0,0,1,0.3,public,0,0,False,Unknown,unknown,unknown,unknown,database,high,True,1,0,18.0,0.0,9.0,0.45,critical,mtls_aes256_gcm_x25519,high_priority
61,req_1758479327505_18e1f061,2025-09-21 18:28:47.593504+00:00,0.55,medium,0.0,0,1,0.3,public,0,0,False,Unknown,unknown,unknown,unknown,database,high,True,1,0,18.0,0.0,9.0,0.45,critical,mtls_aes256_gcm_x25519,high_priority
62,req_1758479327445_a4d64f87,2025-09-21 18:28:47.592497+00:00,0.55,medium,0.0,0,1,0.3,public,0,0,False,Unknown,unknown,unknown,unknown,database,high,True,1,0,18.0,0.0,9.0,0.45,critical,mtls_aes256_gcm_x25519,high_priority
60,req_1758479327412_ea2af56f,2025-09-21 18:28:47.585010+00:00,0.55,medium,0.0,0,1,0.3,public,0,0,False,Unknown,unknown,unknown,unknown,database,high,True,1,0,18.0,0.0,9.0,0.45,critical,mtls_aes256_gcm_x25519,high_priority
59,req_1758479327344_742c3838,2025-09-21 18:28:47.564660+00:00,0.55,medium,0.0,0,1,0.3,public,0,0,False,Unknown,unknown,unknown,unknown,database,high,True,1,0,18.0,0.0,9.0,0.45,critical,mtls_aes256_gcm_x25519,high_priority
58,req_1758479327326_2f2bd7d3,2025-09-21 18:28:47.555346+00:00,0.55,medium,0.0,0,1,0.3,public,0,0,False,Unknown,unknown,unknown,unknown,database,high,True,1,0,18.0,0.0,9.0,0.45,critical,mtls_aes256_gcm_x25519,high_priority
57,req_1758479327474_b967adb2,2025-09-21 18:28:47.543711+00:00,0.55,medium,0.0,0,1,0.3,public,0,0,False,Unknown,unknown,unknown,unknown,database,high,True,1,0,18.0,0.0,9.0,0.45,critical,mtls_aes256_gcm_x25519,high_priority
56,req_1758479327318_29f5cc92,2025-09-21 18:28:47.540559+00:00,0.55,medium,0.0,0,1,0.3,public,0,0,False,Unknown,unknown,unknown,unknown,database,high,True,1,0,18.0,0.0,9.0,0.45,critical,mtls_aes256_gcm_x25519,high_priority
55,req_1758479327442_f7e09bfe,2025-09-21 18:28:47.536552+00:00,0.55,medium,0.0,0,1,0.3,public,0,0,False,Unknown,unknown,unknown,unknown,database,high,True,1,0,18.0,0.0,9.0,0.45,critical,mtls_aes256_gcm_x25519,high_priority
54,req_1758479327458_bd9265d8,2025-09-21 18:28:47.530248+00:00,0.55,medium,0.0,0,1,0.3,public,0,0,False,Unknown,unknown,unknown,unknown,database,high,True,1,0,18.0,0.0,9.0,0.45,critical,mtls_aes256_gcm_x25519,high_priority
53,req_1758479327318_2b064f46,2025-09-21 18:28:47.503657+00:00,0.55,medium,0.0,0,1,0.3,public,0,0,False,Unknown,unknown,unknown,unknown,database,high,True,1,0,18.0,0.0,9.0,0.45,critical,mtls_aes256_gcm_x25519,high_priority
52,req_1758479327429_6a8e96d6,2025-09-21 18:28:47.494893+00:00,0.55,medium,0.0,0,1,0.3,public,0,0,False,Unknown,unknown,unknown,unknown,database,high,True,1,0,18.0,0.0,9.0,0.45,critical,mtls_aes256_gcm_x25519,high_priority
51,req_1758479327244_b46e9425,2025-09-21 18:28:47.484496+00:00,0.55,medium,0.0,0,1,0.3,public,0,0,False,Unknown,unknown,unknown,unknown,database,high,True,1,0,18.0,0.0,9.0,0.45,critical,mtls_aes256_gcm_x25519,high_priority
50,req_1758479327093_b1c210c0,2025-09-21 18:28:47.472077+00:00,0.55,medium,0.0,0,1,0.3,public,0,0,False,Unknown,unknown,unknown,unknown,database,high,True,1,0,18.0,0.0,9.0,0.45,critical,mtls_aes256_gcm_x25519,high_priority
49,req_1758479327342_7246c4c8,2025-09-21 18:28:47.466341+00:00,0.55,medium,0.0,0,1,0.3,public,0,0,False,Unknown,unknown,unknown,unknown,database,high,True,1,0,18.0,0.0,9.0,0.45,critical,mtls_aes256_gcm_x25519,high_priority
48,req_1758479327339_eb22b8c0,2025-09-21 18:28:47.459051+00:00,0.55,medium,0.0,0,1,0.3,public,0,0,False,Unknown,unknown,unknown,unknown,database,high,True,1,0,18.0,0.0,9.0,0.45,critical,mtls_aes256_gcm_x25519,high_priority
47,req_1758479327080_8efbf9c7,2025-09-21 18:28:47.453691+00:00,0.55,medium,0.0,0,1,0.3,public,0,0,False,Unknown,unknown,unknown,unknown,database,high,True,1,0,18.0,0.0,9.0,0.45,critical,mtls_aes256_gcm_x25519,high_priority
46,req_1758479327070_05c75872,2025-09-21 18:28:47.437063+00:00,0.55,medium,0.0,0,1,0.3,public,0,0,False,Unknown,unknown,unknown,unknown,database,high,True,1,0,18.0,0.0,9.0,0.45,critical,mtls_aes256_gcm_x25519,high_priority
45,req_1758479327312_0c8390f4,2025-09-21 18:28:47.423923+00:00,0.55,medium,0.0,0,1,0.3,public,0,0,False,Unknown,unknown,unknown,unknown,database,high,True,1,0,18.0,0.0,9.0,0.45,critical,mtls_aes256_gcm_x25519,high_priority
44,req_1758479327059_8de144cd,2025-09-21 18:28:47.419655+00:00,0.55,medium,0.0,0,1,0.3,public,0,0,False,Unknown,unknown,unknown,unknown,database,high,True,1,0,18.0,0.0,9.0,0.45,critical,mtls_aes256_gcm_x25519,high_priority
43,req_1758479327247_e99f50d3,2025-09-21 18:28:47.411757+00:00,0.55,medium,0.0,0,1,0.3,public,0,0,False,Unknown,unknown,unknown,unknown,database,high,True,1,0,18.0,0.0,9.0,0.45,critical,mtls_aes256_gcm_x25519,high_priority
42,req_1758479327033_d33a24f5,2025-09-21 18:28:47.403220+00:00,0.55,medium,0.0,0,1,0.3,public,0,0,False,Unknown,unknown,unknown,unknown,database,high,True,1,0,18.0,0.0,9.0,0.45,critical,mtls_aes256_gcm_x25519,high_priority
41,req_1758479327040_822a0150,2025-09-21 18:28:47.353888+00:00,0.55,medium,0.0,0,1,0.3,public,0,0,False,Unknown,unknown,unknown,unknown,database,high,True,1,0,18.0,0.0,9.0,0.45,critical,mtls_aes256_gcm_x25519,high_priority
40,req_1758479327221_34148919,2025-09-21 18:28:47.341701+00:00,0.55,medium,0.0,0,1,0.3,public,0,0,False,Unknown,unknown,unknown,unknown,database,high,True,1,0,18.0,0.0,9.0,0.45,critical,mtls_aes256_gcm_x25519,high_priority
39,req_1758479327201_456a0244,2025-09-21 18:28:47.326990+00:00,0.55,medium,0.0,0,1,0.3,public,0,0,False,Unknown,unknown,unknown,unknown,database,high,True,1,0,18.0,0.0,9.0,0.45,critical,mtls_aes256_gcm_x25519,high_priority
38,req_1758479327050_f407992f,2025-09-21 18:28:47.310821+00:00,0.55,medium,0.0,0,1,0.3,public,0,0,False,Unknown,unknown,unknown,unknown,database,high,True,1,0,18.0,0.0,9.0,0.45,critical,mtls_aes256_gcm_x25519,high_priority
37,req_1758479327164_e7d6ffc3,2025-09-21 18:28:47.304186+00:00,0.55,medium,0.0,0,1,0.3,public,0,0,False,Unknown,unknown,unknown,unknown,database,high,True,1,0,18.0,0.0,9.0,0.45,critical,mtls_aes256_gcm_x25519,high_priority
36,req_1758479327195_86ee6d24,2025-09-21 18:28:47.296138+00:00,0.55,medium,0.0,0,1,0.3,public,0,0,False,Unknown,unknown,unknown,unknown,database,high,True,1,0,18.0,0.0,9.0,0.45,critical,mtls_aes256_gcm_x25519,high_priority
35,req_1758479327160_c9d47947,2025-09-21 18:28:47.288610+00:00,0.55,medium,0.0,0,1,0.3,public,0,0,False,Unknown,unknown,unknown,unknown,database,high,True,1,0,18.0,0.0,9.0,0.45,critical,mtls_aes256_gcm_x25519,high_priority
34,req_1758479327030_bed098f5,2025-09-21 18:28:47.278553+00:00,0.55,medium,0.0,0,1,0.3,public,0,0,False,Unknown,unknown,unknown,unknown,database,high,True,1,0,18.0,0.0,9.0,0.45,critical,mtls_aes256_gcm_x25519,high_priority
33,req_1758479327020_7edf2a9a,2025-09-21 18:28:47.217254+00:00,0.55,medium,0.0,0,1,0.3,public,0,0,False,Unknown,unknown,unknown,unknown,database,high,True,1,0,18.0,0.0,9.0,0.45,critical,mtls_aes256_gcm_x25519,high_priority
32,req_1758479327010_d6902fb7,2025-09-21 18:28:47.206537+00:00,0.55,medium,0.0,0,1,0.3,public,0,0,False,Unknown,unknown,unknown,unknown,database,high,True,1,0,18.0,0.0,9.0,0.45,critical,mtls_aes256_gcm_x25519,high_priority
31,req_1758479327124_f72adf65,2025-09-21 18:28:47.200514+00:00,0.55,medium,0.0,0,1,0.3,public,0,0,False,Unknown,unknown,unknown,unknown,database,high,True,1,0,18.0,0.0,9.0,0.45,critical,mtls_aes256_gcm_x25519,high_priority
30,req_1758479326972_6f69f6a1,2025-09-21 18:28:47.176941+00:00,0.55,medium,0.0,0,1,0.3,public,0,0,False,Unknown,unknown,unknown,unknown,database,high,True,1,0,18.0,0.0,9.0,0.45,critical,mtls_aes256_gcm_x25519,high_priority
29,req_1758479326972_996a8220,2025-09-21 18:28:47.159794+00:00,0.55,medium,0.0,0,1,0.3,public,0,0,False,Unknown,unknown,unknown,unknown,database,high,True,1,0,18.0,0.0,9.0,0.45,critical,mtls_aes256_gcm_x25519,high_priority
28,req_1758479326972_cb48d602,2025-09-21 18:28:47.139078+00:00,0.55,medium,0.0,0,1,0.3,public,0,0,False,Unknown,unknown,unknown,unknown,database,high,True,1,0,18.0,0.0,9.0,0.45,critical,mtls_aes256_gcm_x25519,high_priority
27,req_1758479326972_b34f6c9b,2025-09-21 18:28:47.111551+00:00,0.55,medium,0.0,0,1,0.3,public,0,0,False,Unknown,unknown,unknown,unknown,database,high,True,1,0,18.0,0.0,9.0,0.45,critical,mtls_aes256_gcm_x25519,high_priority
26,req_1758479326972_e4bd58b9,2025-09-21 18:28:47.108012+00:00,0.55,medium,0.0,0,1,0.3,public,0,0,False,Unknown,unknown,unknown,unknown,database,high,True,1,0,18.0,0.0,9.0,0.45,critical,mtls_aes256_gcm_x25519,high_priority
25,req_1758479326972_3d1e6c7c,2025-09-21 18:28:47.105990+00:00,0.55,medium,0.0,0,1,0.3,public,0,0,False,Unknown,unknown,unknown,unknown,database,high,True,1,0,18.0,0.0,9.0,0.45,critical,mtls_aes256_gcm_x25519,high_priority
24,req_1758479326972_d44038ba,2025-09-21 18:28:47.087114+00:00,0.55,medium,0.0,0,1,0.3,public,0,0,False,Unknown,unknown,unknown,unknown,database,high,True,1,0,18.0,0.0,9.0,0.45,critical,mtls_aes256_gcm_x25519,high_priority
23,req_1758479326972_a078d177,2025-09-21 18:28:47.085593+00:00,0.55,medium,0.0,0,1,0.3,public,0,0,False,Unknown,unknown,unknown,unknown,database,high,True,1,0,18.0,0.0,9.0,0.45,critical,mtls_aes256_gcm_x25519,high_priority
22,req_1758479326972_1278fa91,2025-09-21 18:28:47.072771+00:00,0.55,medium,0.0,0,1,0.3,public,0,0,False,Unknown,unknown,unknown,unknown,database,high,True,1,0,18.0,0.0,9.0,0.45,critical,mtls_aes256_gcm_x25519,high_priority
19,req_1758479326972_c8dd147b,2025-09-21 18:28:47.061809+00:00,0.55,medium,0.0,0,1,0.3,public,0,0,False,Unknown,unknown,unknown,unknown,database,high,True,1,0,18.0,0.0,9.0,0.45,critical,mtls_aes256_gcm_x25519,high_priority
21,req_1758479326966_b0cdc4b1,2025-09-21 18:28:47.061809+00:00,0.55,medium,0.0,0,1,0.3,public,0,0,False,Unknown,unknown,unknown,unknown,database,high,True,1,0,18.0,0.0,9.0,0.45,critical,mtls_aes256_gcm_x25519,high_priority
20,req_1758479326966_16221a24,2025-09-21 18:28:47.059785+00:00,0.55,medium,0.0,0,1,0.3,public,0,0,False,Unknown,unknown,unknown,unknown,database,high,True,1,0,18.0,0.0,9.0,0.45,critical,mtls_aes256_gcm_x25519,high_priority
18,req_1758479326966_6b914a47,2025-09-21 18:28:47.050257+00:00,0.55,medium,0.0,0,1,0.3,public,0,0,False,Unknown,unknown,unknown,unknown,database,high,True,1,0,18.0,0.0,9.0,0.45,critical,mtls_aes256_gcm_x25519,high_priority
17,req_1758479326966_499ea5db,2025-09-21 18:28:47.036841+00:00,0.55,medium,0.0,0,1,0.3,public,0,0,False,Unknown,unknown,unknown,unknown,database,high,True,1,0,18.0,0.0,9.0,0.45,critical,mtls_aes256_gcm_x25519,high_priority
16,req_1758479326966_79e99d20,2025-09-21 18:28:47.032932+00:00,0.55,medium,0.0,0,1,0.3,public,0,0,False,Unknown,unknown,unknown,unknown,database,high,True,1,0,18.0,0.0,9.0,0.45,critical,mtls_aes256_gcm_x25519,high_priority
15,req_1758479326966_1daa7d8c,2025-09-21 18:28:47.022638+00:00,0.55,medium,0.0,0,1,0.3,public,0,0,False,Unknown,unknown,unknown,unknown,database,high,True,1,0,18.0,0.0,9.0,0.45,critical,mtls_aes256_gcm_x25519,high_priority
14,req_1758479326966_dff458e3,2025-09-21 18:28:47.018085+00:00,0.55,medium,0.0,0,1,0.3,public,0,0,False,Unknown,unknown,unknown,unknown,database,high,True,1,0,18.0,0.0,9.0,0.45,critical,mtls_aes256_gcm_x25519,high_priority
13,req_1758479326966_81d46a8c,2025-09-21 18:28:47.014564+00:00,0.55,medium,0.0,0,1,0.3,public,0,0,False,Unknown,unknown,unknown,unknown,database,high,True,1,0,18.0,0.0,9.0,0.45,critical,mtls_aes256_gcm_x25519,high_priority
12,req_1758479326966_65fe6c44,2025-09-21 18:28:47.001540+00:00,0.55,medium,0.0,0,1,0.3,public,0,0,False,Unknown,unknown,unknown,unknown,database,high,True,1,0,18.0,0.0,9.0,0.45,critical,mtls_aes256_gcm_x25519,high_priority
11,req_1758479326966_df1cea67,2025-09-21 18:28:46.991812+00:00,0.55,medium,0.0,0,1,0.3,public,0,0,False,Unknown,unknown,unknown,unknown,database,high,True,1,0,18.0,0.0,9.0,0.45,critical,mtls_aes256_gcm_x25519,high_priority
4,req_1758479326484_a3ef92fb,2025-09-21 18:28:46.850252+00:00,0.55,medium,0.0,0,1,0.3,public,0,0,False,Unknown,unknown,unknown,unknown,database,high,True,1,0,18.0,0.0,9.0,0.45,critical,mtls_aes256_gcm_x25519,high_priority
10,req_1758479326484_1ed04fa5,2025-09-21 18:28:46.850252+00:00,0.55,medium,0.0,0,1,0.3,public,0,0,False,Unknown,unknown,unknown,unknown,database,high,True,1,0,18.0,0.0,9.0,0.45,critical,mtls_aes256_gcm_x25519,high_priority
1,req_1758479326484_56e6ca46,2025-09-21 18:28:46.849252+00:00,0.55,medium,0.0,0,1,0.3,public,0,0,False,Unknown,unknown,unknown,unknown,database,high,True,1,0,18.0,0.0,9.0,0.45,critical,mtls_aes256_gcm_x25519,high_priority
6,req_1758479326484_f216a5f8,2025-09-21 18:28:46.849252+00:00,0.55,medium,0.0,0,1,0.3,public,0,0,False,Unknown,unknown,unknown,unknown,database,high,True,1,0,18.0,0.0,9.0,0.45,critical,mtls_aes256_gcm_x25519,high_priority
3,req_1758479326484_2716129b,2025-09-21 18:28:46.849252+00:00,0.55,medium,0.0,0,1,0.3,public,0,0,False,Unknown,unknown,unknown,unknown,database,high,True,1,0,18.0,0.0,9.0,0.45,critical,mtls_aes256_gcm_x25519,high_priority
9,req_1758479326484_b66f0289,2025-09-21 18:28:46.849252+00:00,0.55,medium,0.0,0,1,0.3,public,0,0,False,Unknown,unknown,unknown,unknown,database,high,True,1,0,18.0,0.0,9.0,0.45,critical,mtls_aes256_gcm_x25519,high_priority
7,req_1758479326484_997d8cdd,2025-09-21 18:28:46.849252+00:00,0.55,medium,0.0,0,1,0.3,public,0,0,False,Unknown,unknown,unknown,unknown,database,high,True,1,0,18.0,0.0,9.0,0.45,critical,mtls_aes256_gcm_x25519,high_priority
8,req_1758479326484_3daa86b0,2025-09-21 18:28:46.849252+00:00,0.55,medium,0.0,0,1,0.3,public,0,0,False,Unknown,unknown,unknown,unknown,database,high,True,1,0,18.0,0.0,9.0,0.45,critical,mtls_aes256_gcm_x25519,high_priority
2,req_1758479326484_ae034e78,2025-09-21 18:28:46.849252+00:00,0.55,medium,0.0,0,1,0.3,public,0,0,False,Unknown,unknown,unknown,unknown,database,high,True,1,0,18.0,0.0,9.0,0.45,critical,mtls_aes256_gcm_x25519,high_priority
5,req_1758479326484_157907cf,2025-09-21 18:28:46.849252+00:00,0.55,medium,0.0,0,1,0.3,public,0,0,False,Unknown,unknown,unknown,unknown,database,high,True,1,0,18.0,0.0,9.0,0.45,critical,mtls_aes256_gcm_x25519,high_priority
